,Actual,Predicted
18026,147,146.56
26536,4276,4425.75
4320,244,219.5
14544,13,8.19
19594,0,0.22
5663,9,29.73
9750,983,1057.64
18075,16,17.54
6580,371,310.87
4252,1084,1105.01
12667,382,564.61
2805,0,0.0
5339,4,4.3
6462,34,39.18
17435,4,2.5
11134,2,2.43
16426,42,37.45
905,172,192.42
19714,3,3.05
2813,1,2.79
8293,166,169.1
13724,198,215.41
23963,0,2.31
1610,115,103.13
22218,31,35.59
7974,43,14.93
4405,1204,1410.24
25465,55,50.05
3398,609,607.99
15018,111,80.28
11712,9,10.48
27200,17,20.39
22417,91,68.74
14985,25,20.3
6029,10,6.56
6404,21,16.05
19470,11,6.36
20654,152,161.16
273,0,0.1
18684,9,29.18
11608,2,4.78
10887,23,38.45
16242,6,8.35
15411,7,8.29
4391,61,52.3
13570,55,97.84
15117,10,10.17
26160,280,389.31
11282,1189,1176.16
6842,418,429.29
24783,419,359.57
19931,0,0.11
20821,20705,20062.45
24541,262,245.43
15219,9,11.28
3282,170,179.4
13198,0,9.96
17093,54,64.16
22091,0,0.34
20856,20119,20699.28
21709,410,372.27
626,477,458.7
3425,276,228.32
4303,35,63.45
10352,0,0.54
12434,21,18.43
6010,2,2.07
23982,5,5.55
9682,38,32.46
12255,59,62.45
9192,1189,1215.8
14508,61,52.98
21929,0,0.07
20736,1233,1350.23
27131,0,1.37
1598,745,714.11
3799,0,0.03
7359,47,53.69
16352,4,5.8
19312,40,53.52
18021,5,8.27
17697,12,11.58
5621,85,91.99
12830,833,977.65
10392,1,0.01
22530,32,38.32
17148,95,92.77
22674,21,25.97
18025,110,111.58
5070,124,116.54
14660,18,11.86
22174,4,0.9
17494,4,1.83
8887,31,29.09
8676,77,53.52
14548,78,80.91
20477,46,56.86
17126,230,271.87
6708,187,195.71
20297,1121,902.68
20134,28,31.98
13822,89,53.7
1489,427,408.32
24921,120,74.63
14898,10,6.43
312,0,0.12
3451,121,123.24
20232,722,505.65
4293,364,346.19
18720,14,17.29
3426,252,186.54
15673,0,0.01
18843,541,551.46
15508,2,2.82
19228,40,41.15
23263,191,279.94
25279,5,5.87
10012,12,14.53
22826,184,166.28
15010,4,4.35
11238,18,11.59
10138,0,0.87
13220,0,1.29
15541,0,0.22
3316,296,291.56
16796,0,39.92
11816,0,0.0
16090,5,10.5
19698,6,5.89
14880,31,30.21
6498,75,73.87
1588,315,303.27
18076,16,14.93
22666,1,0.24
20048,212,212.64
11318,1146,1088.33
26388,1359,1430.91
12042,38,23.33
12579,91,126.23
7431,42,36.16
20983,1572,1462.83
12534,26,17.08
26221,801,772.96
4322,2227,2184.16
12704,115,178.11
20553,36,51.22
397,0,0.08
17384,16,19.54
7922,87,119.04
99,30,19.87
27406,29,45.86
7456,66,70.11
26831,87,115.94
23464,166,163.94
9226,15,20.27
17877,7,10.34
19597,113,99.24
9119,6,4.86
15550,0,0.2
22568,9,6.6
17866,4,1.92
14737,252,257.21
16771,303,595.44
17594,60,70.68
18191,2,2.28
16933,235,231.33
5532,101,85.83
10556,0,0.07
13086,0,2.49
10305,0,0.24
19391,0,0.65
21901,1,0.48
2316,5,3.54
11921,5,9.08
16266,5,8.52
21292,0,0.13
25924,998,1074.36
23220,305,283.03
22494,50,48.27
1710,94,96.65
24350,263,289.59
9048,1441,1341.64
7109,136,138.52
5687,0,3.11
2583,1,3.15
11872,2,3.35
27280,246,240.25
22414,0,1.02
12375,14,18.74
24946,14,17.28
4744,76,79.19
9480,17,8.17
23035,18,18.34
24894,173,174.47
6025,16,17.09
18005,60,67.94
4877,307,247.06
25065,4,3.29
5925,41,39.02
7738,17,9.47
16379,0,0.47
13953,0,0.45
15068,17,18.0
8331,44,50.11
8510,8,8.34
8048,2,0.51
25190,19,20.27
10877,69,70.49
27023,1,3.04
10549,1,0.04
16647,943,932.53
16403,0,0.37
17581,70,70.6
10947,9,18.22
27430,37,47.54
12498,20,23.03
852,225,208.2
27060,51,61.75
14929,336,273.29
24429,23,24.61
26424,1441,1522.47
14091,4,5.51
7395,91,79.38
8365,104,127.59
11420,45,31.38
26718,1146,1107.39
23817,0,0.5
20520,1043,944.99
4344,220,312.96
11854,0,0.05
24460,74,75.78
1182,2,1.65
22115,0,2.12
866,463,441.96
16752,177,310.87
16808,0,40.02
22194,19,24.0
26969,15,11.32
25605,4,5.72
11400,236,223.22
22468,54,64.38
20727,6901,6873.17
27152,11,12.34
18996,2349,2249.12
22777,135,133.73
7733,88,102.13
5306,187,228.91
19757,7,5.2
6607,162,75.24
27320,44,46.27
9875,9,7.42
22013,0,0.26
22753,138,124.55
10349,0,0.03
19928,0,0.29
4106,5,5.46
27099,65,72.91
5048,137,151.42
16004,0,1.25
22808,10,5.51
5787,177,232.25
10563,0,0.0
4296,214,201.5
21825,11,6.12
17584,60,59.45
3711,181,182.88
17911,20,17.82
8223,98,107.09
25935,1628,1602.05
22734,47,48.68
25322,175,478.49
1660,230,230.65
2540,0,0.0
7220,20,29.17
17404,112,117.57
16183,4,8.12
7767,45,41.94
23934,6,9.99
22571,1,0.22
4605,34,26.25
20989,5825,5313.39
20732,888,951.4
21388,0,0.0
18498,1,3.97
11742,1,0.91
25600,13,22.91
21565,2,1.79
16665,114,97.04
8355,38,46.32
19221,17,18.26
23308,151,159.88
25957,3771,3545.1
733,457,502.7
2153,2,3.23
26819,90,82.32
1441,374,385.79
1227,13,15.13
25254,1,0.15
25882,53,59.52
5286,34,27.92
6151,1,0.66
18853,890,886.22
1087,4,7.85
18056,1,3.01
11316,254,274.97
17476,16,23.07
23158,8,4.75
6138,1,0.6
6,6,14.63
13768,652,538.09
1109,5,5.43
26405,397,414.26
22945,121,111.3
23396,61,63.41
11466,193,180.08
7986,28,22.32
5712,33,36.24
22024,0,0.07
15322,0,0.58
19447,20,29.27
24207,103,132.2
3050,0,0.0
4345,1002,902.99
4104,4,1.68
13845,99,100.8
9530,48,28.04
21564,1,0.31
21285,0,0.0
25813,4100,3813.61
17720,14,12.82
9056,392,373.47
10781,30,31.53
13124,0,0.91
11581,2,0.59
11311,284,282.78
3697,648,585.8
22712,10,6.49
27186,44,38.23
516,0,0.04
5963,0,0.15
18654,2,3.51
7800,132,129.82
5742,97,79.25
16439,16,18.04
21560,0,0.0
1456,532,536.05
4479,1982,1901.03
27283,110,97.78
8845,310,305.68
17511,16,20.81
25986,483,532.46
18831,180,483.5
11398,4,4.59
20459,4,4.27
14797,167,170.58
20528,36,62.64
20424,943,841.99
10840,23,24.1
7191,193,189.38
20621,53,59.04
1569,96,94.68
24133,385,361.47
8439,28,34.19
26321,144,115.18
17763,142,145.8
9812,154,178.92
18563,0,1.04
19266,48,42.15
16166,41,39.81
5824,434,458.26
2864,0,0.04
15330,4,7.54
4211,35,42.23
6778,3,4.04
7969,119,79.55
15983,0,1.27
2342,0,0.18
15118,1,1.99
11125,42,31.41
5570,513,553.5
21497,0,0.0
7268,26,23.5
21700,92,144.98
1642,7,3.43
25141,64,42.6
21192,2,0.31
11917,11,8.89
2476,0,0.03
5325,3,3.4
18292,22,26.92
17621,33,48.58
505,0,0.01
12412,49,50.49
7912,160,226.14
10790,50,52.83
19052,86,63.85
250,0,11.47
16722,225,206.82
9363,8,6.42
9861,132,124.08
9038,2731,2720.78
9831,592,619.69
4989,34,49.94
15878,4,4.39
3858,0,0.18
6455,1,0.7
23622,284,283.62
8688,67,52.64
2346,0,0.02
14946,94,90.36
18276,7,6.93
16161,4,9.04
20118,264,239.0
2579,0,0.03
6913,4,4.49
12099,104,126.97
15746,3,0.95
10505,0,0.0
11727,1,1.29
17671,2,1.83
12678,397,442.63
23169,13,61.9
11201,14,16.24
25947,1489,1420.64
3745,617,605.46
7474,3,1.69
9384,38,33.6
16833,0,0.0
2168,1,3.23
14825,27,18.31
21586,0,0.07
19131,768,778.83
23290,19,16.01
17873,64,50.06
20052,59,47.76
14909,22,12.79
22479,93,117.6
7138,3,5.72
10427,0,0.15
9162,1090,1072.43
5221,116,105.28
14133,0,0.0
23267,1,7.15
3096,1,0.0
8299,25,36.65
21663,308,341.8
26794,131,170.65
9527,0,1.85
8364,73,59.36
16670,421,573.3
24250,4,2.03
10543,0,0.07
8663,1,0.64
17108,57,69.86
19783,7,14.85
20604,604,627.22
16472,58,80.04
19569,1,0.16
11453,199,186.92
2286,21,6.1
18502,3,5.39
26909,18,22.95
15521,5,5.18
10274,165,151.65
19141,245,297.72
13955,0,0.35
12524,14,12.13
2724,17,7.52
6921,0,0.05
17183,0,11.14
20957,1041,979.68
6916,2,1.4
13278,2438,2305.86
15703,0,0.29
4745,84,111.85
13363,1984,2044.18
16384,7,4.51
24033,3,1.83
14888,6,6.8
18338,14,26.98
15547,0,0.91
11570,6,4.63
25948,944,892.89
14759,0,2.34
196,0,5.03
8807,0,2.69
26938,2,1.8
6759,130,109.06
13835,19,20.84
579,0,0.02
7558,1,0.9
25902,956,977.82
428,0,0.31
5148,1328,1205.25
13688,158,158.42
7525,142,153.71
7449,6,9.53
1804,126,108.71
11666,8,7.99
3986,5,3.24
26960,8,10.32
22570,3,2.49
23718,51,27.46
6528,85,95.75
1684,228,224.25
26364,637,642.93
21026,0,0.2
24375,111,105.67
14867,0,0.7
25972,837,823.58
16003,0,0.53
1366,0,0.22
25555,12,17.95
21811,64,74.49
20086,26,24.87
20681,58,57.45
24511,116,132.47
13982,1,0.53
25033,37,41.55
19736,6,4.29
20507,4,4.27
23381,249,252.78
12691,343,428.66
16491,482,542.08
22716,41,36.44
13118,0,0.48
2767,0,0.06
11189,7,3.13
15671,0,0.18
17377,22,18.38
15452,0,1.61
121,24,19.89
3184,72,70.21
1427,4,15.26
2142,100,102.53
11105,15,13.61
22060,0,0.19
19504,32,37.79
4015,0,0.59
8374,1,0.47
24728,17,17.97
12092,10,14.27
23474,822,909.52
16229,13,10.43
23649,118,118.01
18106,0,1.66
23523,272,375.17
12890,937,1053.13
18027,71,65.74
16803,0,0.0
25318,23,25.75
11798,5,5.57
3792,1,1.37
25591,21,18.83
7451,0,1.88
9485,3,5.92
26399,4,5.15
4003,0,0.31
22449,5,14.82
25640,7,8.09
10443,0,0.14
52,10,9.37
3396,125,137.51
19979,0,0.01
6316,89,95.58
9246,1130,1145.92
25719,20,32.4
9427,13,10.32
10841,30,74.35
25791,1465,1546.0
16699,234,288.89
10806,11,14.6
14236,1,0.35
22964,3,2.68
7469,61,68.78
22438,0,1.0
12461,16,12.78
12842,914,1020.34
24342,100,116.18
19571,0,1.76
11940,62,77.16
15695,0,0.42
9542,29,31.42
5365,174,190.81
12801,65,83.73
2918,3,1.88
14627,3,5.49
14654,68,98.15
3308,53,64.71
13789,1225,1128.96
20759,93,74.77
8336,8,8.75
12619,17,17.09
22425,15,15.38
23326,16,13.22
2201,6,4.43
6648,226,223.93
17983,24,28.53
17989,161,151.37
19756,25,19.33
24060,124,124.03
14465,87,109.78
18507,25,41.75
1555,86,91.6
11491,77,99.2
3547,222,189.83
19958,7,11.01
2958,0,0.3
11729,2,1.07
4068,1,0.25
8608,3,1.88
25989,129,134.48
8318,66,107.29
19688,3,7.42
2111,1,2.58
1448,73,69.31
18854,917,861.71
8494,1,5.36
22887,28,21.07
24218,275,318.91
16186,1,1.06
9006,1137,1031.35
8918,241,233.54
24387,114,108.09
7898,165,209.29
26949,17,16.82
13972,0,0.01
7721,95,98.11
20649,30,47.1
21711,309,346.0
14602,8,13.06
27442,16,33.28
25739,0,1.94
17847,135,137.9
16801,0,0.08
5262,26,45.21
18920,88,85.16
3971,0,0.25
23617,648,625.32
8937,9,13.08
21784,95,80.08
25654,6,3.62
4519,92,84.05
462,0,0.0
17591,3,5.75
4085,0,0.57
21483,1,0.53
21391,0,0.58
6977,1,3.27
18204,6,8.65
323,0,0.06
11476,91,115.83
21906,0,0.02
11758,0,0.44
2694,0,0.08
1190,11,13.13
19326,38,62.12
24292,73,73.21
15862,0,0.0
5405,60,48.92
26656,3724,3994.79
5908,455,483.29
9621,228,252.35
24002,40,39.44
6600,248,214.85
15582,0,0.13
4229,33,45.22
26013,148,135.66
14762,125,181.12
3000,4,0.3
2762,3,1.78
23014,3,3.95
25387,72,93.57
12308,16,8.66
26801,3619,3560.6
18513,3,4.0
5018,147,193.48
5505,12,9.67
3169,363,471.72
11813,2,6.22
15057,10,11.97
18598,7,7.04
13717,1331,1517.7
24884,159,162.18
21241,4,1.87
16560,117,122.76
21872,21,22.97
8248,51,84.54
20199,1989,1957.57
5550,60,65.63
25645,94,66.89
27141,14,12.43
21583,0,0.82
5865,27,29.76
9212,281,272.63
3589,558,591.3
23993,6,5.28
3919,0,0.04
27384,385,381.54
9022,33,22.53
12499,31,22.46
18590,22,25.28
4990,22,27.4
705,72,92.12
8285,15,18.15
19498,1,2.6
18608,6,6.18
14461,178,147.82
1388,0,0.03
23083,20,26.32
3222,227,185.3
24386,238,291.2
12787,310,306.18
26843,86,119.84
4347,1394,1339.23
12163,15,20.8
16702,81,59.13
2901,0,0.01
6888,4,3.31
26865,431,447.99
16867,5,4.87
15075,190,192.51
7051,164,145.0
2907,2,1.12
25635,67,100.08
10365,0,0.32
5210,174,185.26
27026,114,94.71
23356,161,159.05
2221,3,1.45
9201,120,154.61
5121,46,67.55
5799,508,535.31
25095,3,2.24
5449,252,255.24
19366,0,1.48
10376,0,0.31
2208,2,1.16
9844,520,581.89
9233,875,826.29
2884,0,0.28
25066,1,1.37
19340,13,21.38
2119,94,90.91
6248,5,6.62
10154,92,120.37
9477,1,0.27
23866,0,0.24
23013,5,49.08
2874,0,0.02
2595,0,0.2
21934,0,0.05
18975,729,723.54
26339,4,2.67
1959,149,152.8
13618,53,61.83
5100,1341,1284.31
7923,19,23.85
22920,56,40.02
16200,41,29.38
10628,1,1.67
15975,4,6.03
8225,56,42.84
19263,143,159.38
20710,263,292.99
14099,0,0.08
21915,1,0.39
8082,4,1.25
5784,48,52.24
12793,1102,1041.26
24287,4,2.93
14798,102,110.17
345,0,0.02
9952,34,51.51
1266,0,0.01
21790,0,0.31
22749,9,6.33
2819,0,0.0
9920,193,197.0
13243,1139,1837.29
21660,147,118.25
2171,0,4.48
4387,387,420.06
10186,1,0.5
20374,17,23.28
5514,150,126.96
26085,0,0.47
10256,28,37.37
26992,43,49.97
16435,68,66.4
12463,12,9.96
9202,23,18.06
10133,11,13.93
26336,212,240.14
13533,605,595.55
17507,2,2.85
10354,0,0.2
12973,1000,940.36
5038,25,27.76
26037,160,179.06
16674,173,167.39
26304,968,800.27
20457,49,48.97
26391,617,638.21
17021,95,92.18
18682,0,5.93
19172,33,32.59
25749,128,174.53
21848,24,21.12
18718,16,25.83
21079,0,0.0
16071,28,28.2
26078,7,3.23
15076,114,82.74
14673,10,10.77
25626,23,17.98
1288,0,0.01
4783,41,53.26
4282,55,47.57
10231,11,18.26
8457,1,2.96
2388,1,0.67
22477,304,251.97
6876,2,3.51
2496,1,0.67
4168,52,35.52
2464,0,0.09
18396,3,2.69
4785,10,9.44
26600,1153,1282.09
16948,173,175.25
2760,12,8.79
22188,26,21.96
12509,10,15.08
1791,272,214.28
16192,16,8.21
16695,497,453.2
5332,149,163.86
8099,1,4.34
24514,4,1.43
15873,0,3.16
5653,89,118.41
13544,1008,997.36
14258,2,1.19
12102,15,14.54
12157,86,81.36
5683,16,16.79
10059,87,134.17
15506,8,4.81
6508,43,44.35
2622,0,0.08
25223,0,0.38
22220,16,14.56
4084,1,3.58
17556,94,85.38
18006,14,8.27
21169,1,0.09
24423,153,134.81
34,0,1.45
2973,0,0.06
25358,477,1397.66
8019,114,102.97
10687,7,9.19
6111,24,29.19
261,6,4.52
7278,86,92.83
14477,78,112.14
23129,35,33.63
25779,1490,1527.86
5657,100,106.62
8170,9,5.56
17084,67,71.91
12669,60,255.93
9129,165,186.33
8242,6,9.94
23031,24,16.87
15691,0,1.12
18541,53,45.05
6717,23,30.92
21983,0,0.01
23925,2,1.34
15301,18,13.23
21495,1,0.49
3027,0,0.03
21809,128,158.3
21516,1,0.28
16361,9,14.62
3690,91,93.59
22757,16,16.78
13061,1,0.07
5685,21,19.85
24001,4,0.39
21309,0,0.68
17663,0,1.29
17884,49,62.81
22310,39,42.4
7888,180,191.72
23066,58,60.15
23763,10,5.33
10019,0,0.87
14543,6,3.93
4867,148,164.49
15423,12,6.43
22229,19,20.2
6712,127,127.11
17957,59,61.63
21652,0,0.16
3942,2,0.8
17119,68,75.6
21037,3,1.89
26305,1280,1298.64
8196,93,103.5
474,0,0.0
18874,39,36.9
27012,49,58.42
5393,40,26.51
2641,4,3.94
5032,468,484.44
19752,31,23.2
8274,37,41.35
16554,118,104.4
26315,2,4.98
20442,221,181.74
15984,8,6.83
10881,10,10.73
19276,52,61.34
22773,13,8.63
14048,0,0.28
6649,365,369.61
20905,7584,7308.95
15626,0,0.24
10455,0,0.0
24314,292,307.61
9710,3039,3084.11
17017,226,210.76
24431,0,0.7
1444,354,322.99
25604,17,18.22
20773,11152,10303.75
9849,121,120.44
1901,134,105.36
9463,8,5.82
6244,6,5.01
22772,18,9.14
25916,218,223.38
2136,214,170.14
22478,133,149.43
26645,2454,2481.72
15606,0,0.08
21365,0,0.0
22834,1,1.38
22717,163,162.2
24598,2,2.1
25503,51,73.54
23977,47,40.12
18216,28,26.89
25513,88,90.53
6699,174,172.47
3757,570,579.62
22798,1,2.29
13150,0,6.03
5847,410,415.12
7891,48,49.76
17201,208,217.28
4715,3,1.52
9826,15,15.22
17933,61,62.13
20509,658,582.16
17603,5,2.93
19401,8,9.4
25297,41,54.67
6604,276,227.21
18989,272,274.84
4400,379,413.7
4306,50,44.82
12628,12,11.06
24844,486,546.94
14398,11,11.91
1470,31,35.98
16089,5,2.46
12952,144,160.35
7907,18,20.78
23189,4,16.59
23114,92,83.14
12594,22,20.6
10645,45,38.36
14834,167,164.41
24405,38,35.57
2533,1,0.89
21893,0,0.02
11449,567,591.16
26760,2610,2503.74
20255,21,20.69
26640,2580,2598.15
24004,10,12.49
5934,82,102.88
775,174,171.71
6235,5,6.33
4579,69,91.08
4140,103,169.52
24306,97,104.92
873,94,106.14
17731,53,65.07
24017,12,9.13
24776,117,146.65
8267,0,0.97
26543,56,65.49
14569,92,91.84
9089,756,619.27
25896,3380,2951.56
6119,2,1.41
14518,11,8.24
3753,28,30.74
20024,237,250.01
15232,4,1.75
7212,125,132.09
6379,64,63.05
22783,49,41.79
12451,19,18.96
4203,1002,1124.47
26978,59,50.95
13723,120,121.21
11670,1,0.19
15644,0,0.75
15961,2,1.37
4955,8,14.55
16875,22,25.65
7650,39,26.42
2752,3,2.26
2740,3,1.55
7497,6,7.01
10859,3,7.43
7231,73,97.02
13102,0,2.24
12367,27,22.83
13595,34,17.21
20370,572,548.79
3263,2,3.53
11900,3,3.83
5050,29,17.63
26912,8,6.63
24683,32,77.47
15879,4,8.31
6919,1,3.33
22537,28,34.93
18929,307,278.64
980,4,2.97
12335,0,0.71
536,0,0.17
9198,1198,1107.58
11403,159,142.5
6857,0,1.35
24696,55,59.01
19067,13,8.55
15655,0,0.0
17914,3,1.49
24785,304,379.14
20848,6945,6561.76
18634,6,8.77
23935,3,3.92
7656,89,99.01
2851,0,0.01
20005,393,352.04
25045,16,14.63
17791,26,23.02
5864,47,49.11
2275,4,4.51
23837,1,2.36
10968,20,18.28
21567,0,0.03
25660,7,16.18
11715,4,6.12
17713,102,88.69
5705,116,147.62
8447,0,0.47
8487,57,57.64
11106,11,6.57
26777,3376,3534.74
23899,5,2.89
21247,0,0.06
3181,71,67.77
1122,3,6.54
6418,3,2.31
10285,139,145.25
21356,0,0.14
12845,230,342.77
491,0,0.06
5954,12,16.44
14724,37,26.49
3978,1,3.28
16638,158,124.73
15491,0,0.41
20183,31,26.38
15869,3,1.34
10820,3,6.78
1103,0,0.0
25647,64,20.5
13078,0,1.99
18623,2,5.05
6020,2,1.07
9798,479,485.58
6253,106,93.66
20861,1452,1259.41
20155,458,377.31
21406,0,0.09
19976,0,0.0
5214,40,46.65
9939,43,54.58
12357,13,10.15
6535,48,46.95
20843,103,228.28
15143,2,2.08
423,0,0.01
5094,181,147.22
1512,95,96.75
3108,1,0.03
9356,4,6.26
14980,131,110.9
18744,20,26.03
20412,130,109.16
24987,4,21.88
657,76,88.99
20741,1458,1520.61
5115,362,432.88
22991,0,1.67
26371,144,143.99
20492,52,46.37
6134,50,53.04
14707,47,59.32
24461,85,90.15
11509,655,588.36
27192,63,56.19
11290,7,8.61
19474,2,2.18
23453,175,189.62
22323,87,81.93
6720,191,196.06
2588,0,0.04
4048,2,4.69
18310,0,0.92
27368,40,41.97
10387,0,0.01
2414,0,0.03
16040,6,5.99
20257,2506,2357.17
1947,108,81.99
21740,20,24.9
9320,183,161.12
4080,3,1.14
16973,62,72.56
2497,1,1.24
14776,25,26.47
11500,173,124.14
23484,536,499.96
5673,17,13.08
26248,652,660.8
14023,0,0.68
11208,5,2.43
19838,0,1.02
10353,0,0.41
15110,56,59.5
14647,22,15.98
21446,4,2.11
12160,7,8.88
3382,5,2.95
9334,18,17.53
26701,9263,9802.27
26569,5185,5223.23
13038,0,0.41
10821,8,7.87
15121,195,206.73
14515,27,38.59
5770,23,28.46
17694,56,49.17
485,0,0.0
16441,185,176.75
7403,0,0.77
22873,112,118.46
22240,74,75.22
23244,335,256.83
25204,23,25.79
4819,41,45.13
12549,10,13.53
11227,10,17.02
25120,16,27.98
9153,140,165.84
15918,2,1.09
22741,154,122.91
17097,32,24.31
22645,0,6.59
25834,60,63.35
20715,6868,6632.14
21641,0,0.15
10993,22,21.82
4667,3,3.96
3901,0,0.25
17687,0,4.59
6419,1,0.89
16556,35,36.57
12802,12,9.07
5826,93,94.31
11170,4,2.77
21076,0,0.01
21313,4,3.67
27111,93,109.14
10021,95,93.09
25858,76,63.95
24909,100,80.15
6484,45,35.82
19809,1,0.27
22790,180,181.66
19872,7,10.25
291,0,0.01
7503,48,42.31
26582,5339,5340.24
3844,0,0.02
24775,318,321.25
7576,43,35.45
26637,654,637.82
243,0,1.29
20891,73,107.75
11919,6,3.21
21210,0,0.72
25631,4,3.52
2744,0,0.0
6983,0,2.07
27244,30,21.55
16429,382,393.61
12320,16,19.47
23918,2,1.05
2772,14,9.37
14078,4,8.6
24495,332,334.92
23264,79,92.39
22435,40,43.18
10224,55,60.1
26299,107,145.87
14480,24,22.67
1668,341,343.66
9112,543,370.49
13679,15,12.27
25187,0,0.59
17140,228,212.43
8410,0,0.32
20906,14020,11245.9
20268,860,789.7
6965,3,3.1
2730,0,0.03
7882,22,21.14
15777,0,1.79
19242,36,52.83
3350,481,403.46
501,0,0.0
13332,1258,1423.75
27237,87,90.6
11321,332,255.04
9724,1132,1327.43
19892,0,0.32
25776,494,557.81
674,488,457.05
22097,49,50.15
5598,48,47.61
22617,7,6.28
5780,71,88.23
6692,84,70.25
8161,111,102.86
14720,13,12.26
23997,4,4.6
22451,1,0.32
21759,312,267.57
14811,58,65.91
14354,68,67.29
25790,2075,2118.32
640,219,222.77
11423,2,0.69
26007,1504,1433.8
21900,2,1.19
18638,41,57.3
953,153,231.53
341,0,0.0
24665,448,599.12
7745,35,42.35
10598,65,41.19
16098,4,4.33
3047,0,0.21
3813,0,3.26
12111,51,61.21
22474,2,2.03
7102,8,5.31
26148,264,343.58
4036,1,0.16
3488,81,69.85
22685,11,4.75
11396,41,28.75
23816,2,1.02
14585,37,40.96
1202,11,12.32
26484,1743,1590.86
15843,2,3.82
18046,2,1.16
17169,22,29.54
2754,2,1.97
6281,16,18.53
14752,53,45.21
15308,3,6.12
19586,50,46.32
12368,9,15.18
7063,159,165.79
24265,248,247.49
18487,5,2.89
6595,152,98.81
6814,6,5.56
7934,111,177.19
2325,4,10.02
17769,16,15.5
16599,338,336.77
6287,0,1.09
25526,92,88.41
25953,109,165.07
2602,0,1.07
21185,0,0.42
20436,125,123.16
7792,39,60.26
20867,83,131.18
2501,0,0.0
9614,3302,3312.48
10826,43,58.27
12570,15,18.45
26570,5339,5389.59
6706,4,3.69
5215,27,52.47
10137,4,10.44
6390,55,55.62
15199,4,3.8
4461,383,383.8
22837,19,41.81
16817,0,0.45
3068,0,0.64
15274,0,0.01
24377,48,39.31
21120,2,2.57
5384,39,62.16
12119,0,0.98
12326,14,19.69
10989,2,0.57
18468,4,2.49
15388,5,7.15
26185,1218,1120.74
9897,111,149.11
7893,20,33.9
18152,2,3.49
24645,14,16.3
5928,83,83.49
512,0,0.11
6612,228,226.89
18401,1,1.05
10424,0,0.24
23106,24,37.25
25978,33,42.65
16031,0,4.6
24629,52,62.9
23127,92,96.52
9014,2855,2693.65
11235,27,28.84
24781,990,922.45
10439,0,0.12
23162,77,75.97
17934,35,40.81
24485,101,129.96
7104,122,132.93
14222,7,2.8
9683,14,18.77
18804,29,34.13
2240,0,0.56
13151,0,0.13
890,485,531.48
4596,141,177.6
15891,6,8.78
18573,9,4.9
4285,931,874.1
4788,120,133.94
18109,30,29.92
7113,21,27.58
7667,5,4.85
9704,363,322.34
23943,12,12.59
24806,1263,1065.41
13340,598,960.36
23639,36,37.89
9841,2277,2306.07
230,21,14.39
6550,1,0.29
13206,1,0.25
1053,1,1.05
12805,1185,1018.9
23575,380,350.4
18618,2,1.75
20849,1349,1201.8
23424,498,440.02
3492,205,199.48
11687,0,0.82
10324,0,0.06
6760,89,111.74
2541,0,0.45
25756,476,421.65
6400,82,71.32
6241,86,101.58
11129,20,13.25
2362,0,0.81
17531,2,0.89
14205,0,0.06
1453,398,388.13
12840,557,577.76
22185,9,16.7
6920,0,0.75
26836,3959,3828.09
2141,61,86.3
10718,35,48.12
27101,14,12.77
22137,34,32.62
1336,1,0.36
14771,1,1.55
11004,10,5.57
12307,22,18.23
17068,58,63.49
2507,0,0.06
10666,0,3.3
24407,3,2.19
10356,0,0.0
18797,158,165.01
6890,4,2.89
4894,25,18.86
19466,70,60.91
15684,1,0.08
26260,595,701.17
26908,24,20.84
2250,3,4.35
4110,1,0.72
17973,7,10.7
7585,159,183.24
24520,146,123.44
7500,62,66.92
8332,26,12.36
18201,3,2.38
5802,93,85.77
13707,727,795.36
9295,385,391.32
1215,11,4.69
14945,29,36.1
9000,1465,608.58
19114,16,14.13
27305,18,16.25
9442,0,0.28
25678,2,6.1
21201,0,0.07
2858,1,1.25
3455,0,1.71
23536,133,137.09
12137,19,21.39
20243,21,19.75
11839,2,1.57
18862,33,29.89
15000,613,511.3
21419,0,0.03
22603,9,24.81
10977,2,0.76
12574,2,1.4
2084,25,22.53
9109,2067,1871.85
6494,186,178.84
2949,0,0.0
1972,93,83.7
3616,118,141.5
8042,106,88.44
5187,419,465.5
20328,1137,888.01
11212,12,13.5
13967,0,0.02
19887,7,12.04
20154,341,303.71
14383,30,21.4
23268,359,292.63
11915,0,0.0
18926,149,162.53
26525,2105,1259.48
5312,24,26.76
13018,7,3.14
22886,124,122.69
936,192,198.24
1412,0,0.15
9819,654,689.38
25134,8,6.49
12918,274,306.73
9289,3118,2930.57
752,147,165.95
10149,7,10.79
10311,0,0.0
11086,0,0.46
22924,21,20.35
23630,649,649.13
7858,28,23.51
2842,0,0.93
13079,0,0.35
21155,0,0.67
1921,313,339.85
4484,83,250.45
22212,32,22.04
5880,65,66.56
11606,6,5.89
8144,12,19.32
9565,23,32.87
18567,36,32.56
3077,0,0.0
7047,104,109.79
16263,11,10.44
96,36,16.01
12520,68,64.61
7046,623,676.39
19684,29,42.13
4384,1293,1300.65
16950,196,217.0
25625,62,35.22
20555,8,6.64
13447,2187,2269.18
20391,210,325.56
22817,25,38.68
6620,113,80.26
21676,201,151.91
12036,77,65.2
1837,320,331.85
12423,38,42.65
21519,0,0.0
24261,35,27.15
2980,1,0.54
8164,93,101.82
25313,17,31.51
27173,42,29.97
1045,26,26.03
17562,21,29.6
1968,151,179.18
7571,1,0.69
7653,5,5.37
19737,2,1.58
4569,26,35.38
13053,0,0.45
4160,266,265.32
19862,2,11.25
12518,66,60.15
23086,8,3.61
19154,195,423.38
14795,1,0.46
22268,16,21.8
14137,5,2.0
17782,5,4.25
6847,102,75.97
15062,326,386.98
14268,13,41.37
8443,5,3.39
11624,0,3.72
27291,11,14.57
13821,88,100.47
24707,43,85.82
12261,2,3.0
19039,83,97.89
11361,29,28.12
5804,35,32.24
19713,3,0.66
24425,73,62.68
4890,171,169.95
8868,310,284.37
15750,1,5.18
14053,6,7.4
17372,16,20.44
3002,1,0.51
13987,0,0.16
7467,38,24.91
7241,37,53.81
943,118,121.78
18662,60,61.19
25234,1,0.96
20230,18,22.13
16557,81,68.68
14108,0,0.01
4903,142,158.23
12238,3,0.81
17867,0,0.55
1503,325,293.97
22632,0,5.23
6384,67,78.1
16319,0,3.4
8227,19,20.18
4093,4,5.25
25777,3570,3522.5
15059,1,1.27
1889,136,114.95
23146,6,3.72
18134,36,28.06
6216,90,100.49
9410,11,6.26
22396,28,34.78
20836,6578,6062.39
23256,354,258.24
15428,1,0.91
20986,107,124.9
22327,18,20.8
16826,0,6.41
21436,0,0.01
26974,4,2.56
7515,32,28.8
6880,0,0.82
14560,4,7.04
15526,1,0.33
6865,2,4.76
24715,118,93.25
19691,0,1.78
18363,12,10.75
15104,14,14.2
2898,0,0.64
1113,1,1.58
35,0,2.08
13531,1085,1048.42
26367,575,592.89
3399,308,287.53
1433,169,143.97
1471,87,99.12
5556,92,89.71
23285,308,317.62
6757,320,324.51
22559,0,0.07
4699,94,78.1
7997,4,12.07
4037,0,0.99
27064,44,62.35
4985,363,381.86
18267,29,27.95
10035,76,194.52
10630,2,3.11
11056,13,24.67
22239,44,33.68
13712,152,159.43
13903,126,130.52
13730,852,744.61
24181,227,250.79
16623,953,895.38
14748,229,242.82
13466,1876,1824.91
23385,44,67.53
15527,0,1.07
1635,243,291.88
25594,3,8.17
22293,21,21.88
10341,0,0.15
24631,100,97.81
4525,101,76.57
2714,4,0.39
25268,1,0.11
9698,3177,3106.67
12285,2,2.81
21035,0,0.04
13173,0,4.2
15498,5,5.48
382,0,0.19
14050,0,0.22
8725,53,55.67
19387,64,77.67
9977,14,23.23
15427,1,1.56
17486,143,132.11
13165,0,0.98
18217,5,9.27
8139,88,101.1
9093,210,173.85
20636,38,40.27
11352,302,216.84
16238,13,12.77
24448,72,78.25
22383,99,68.18
10902,23,25.75
17521,72,81.49
17930,90,82.32
1483,98,112.56
22506,47,55.22
1457,40,36.16
13252,2877,2732.29
13988,0,1.25
21216,2,0.25
27145,103,105.84
18719,10,9.87
7725,1,1.65
16248,20,22.92
8672,40,37.37
21623,0,0.23
3525,33,29.67
10872,12,6.83
12346,2,1.28
9349,36,31.06
24459,133,145.69
26417,354,425.79
26680,3532,3653.42
24614,251,245.24
18253,42,29.7
4932,713,658.81
18294,3,4.7
19977,0,0.12
3265,1320,1305.36
7554,19,25.39
16135,8,11.27
18493,16,17.53
7405,142,137.46
24790,38,24.2
4707,315,312.07
25720,7,10.6
14015,0,0.04
15189,0,1.26
11568,2,0.33
15370,0,0.16
25616,17,16.38
9403,9,7.91
3268,287,235.1
13714,54,60.12
1815,229,217.6
1661,195,194.98
24477,20,23.12
9073,2077,1879.99
7834,27,54.95
16333,18,26.15
16313,3,7.2
21011,44,81.16
8896,81,72.88
11731,1,4.74
26786,5830,5661.04
11153,16,15.51
14487,92,110.1
26678,4466,4429.25
24924,782,630.58
8751,186,215.49
25126,2,2.34
24663,573,767.02
24104,63,56.62
17735,1,4.21
5507,11,11.41
911,28,31.18
17702,94,93.43
18140,7,5.5
971,0,1.82
8542,0,0.74
24311,2,3.27
27273,60,93.87
18085,2,3.38
20440,222,239.15
4702,4,1.25
24294,49,43.57
16861,29,16.79
18348,3,1.93
7442,129,133.19
6815,2,2.64
26306,204,244.17
12140,14,15.44
1666,7,6.53
550,0,0.04
1422,109,94.56
21032,0,1.15
7071,104,73.64
3595,62,72.14
6753,15,40.98
25177,61,49.61
20698,11,10.79
11146,4,1.41
17078,208,214.32
993,0,4.84
1937,99,104.72
26560,4143,4318.59
8492,10,12.23
13063,0,0.13
8137,103,105.43
401,0,0.06
17780,39,58.0
19844,0,13.21
13616,225,178.94
18964,644,687.73
7828,127,105.59
20467,177,171.73
843,483,422.41
19882,0,0.06
26846,8032,7625.47
6726,56,62.03
23229,43,65.54
23476,144,141.58
15814,0,0.01
17976,31,30.72
26140,39,101.54
13517,1343,1265.31
5317,127,213.15
21808,77,89.62
8466,17,10.13
6267,40,40.7
19132,440,496.19
10212,49,61.45
16277,5,3.14
8897,91,85.38
25955,12,13.6
11275,346,269.53
2157,4,11.58
11866,0,0.04
21126,0,0.0
25043,2,2.64
2830,0,0.13
7609,67,88.75
11771,0,1.15
736,260,385.63
4480,1358,1380.25
16190,11,10.01
20016,59,40.78
283,0,0.03
23759,0,1.19
2140,78,109.46
5225,37,49.3
6366,71,70.68
16681,959,976.4
12283,11,18.33
12654,17,23.85
4202,1334,1345.05
6164,3,3.34
4738,5,2.93
17116,71,57.48
2797,9,10.08
22608,283,252.81
26747,56,68.85
19204,151,151.15
16108,15,17.01
9620,434,454.17
23847,5,5.85
22273,48,41.29
26279,4,2.12
21537,0,0.0
17557,144,143.8
9898,12,8.86
4220,262,279.42
9796,730,748.32
13989,0,0.93
1475,1,0.87
11902,0,0.04
23901,1,3.29
4246,48,51.8
9857,474,456.1
15709,1,0.48
18937,968,1019.8
14687,0,1.37
13748,197,205.46
27144,53,60.74
11923,1,1.9
1805,185,177.49
25346,180,321.63
16451,15,18.42
25623,5,3.01
22606,3,1.04
7821,20,21.8
3635,2,7.4
21344,0,0.19
13995,0,0.08
20730,2926,2533.41
8958,69,63.61
8704,115,132.77
15080,17,10.8
14507,2,1.86
12608,22,21.55
22345,19,13.95
14808,39,31.49
15465,0,0.88
22733,16,16.93
23148,9,21.62
14699,2,3.9
23825,3,3.56
25578,1,3.45
17990,73,59.93
22511,5,3.93
26381,423,378.09
4859,0,0.54
3548,72,68.4
8658,89,90.93
16573,940,869.21
16259,0,0.73
4749,21,19.97
23048,6,4.43
8628,2,0.76
6662,432,397.73
22336,37,30.96
3229,699,775.11
15311,0,0.03
11808,6,5.65
12088,11,14.07
4981,1264,1211.19
5453,108,103.93
7801,12,13.32
16011,2,2.93
22224,26,22.07
19770,20,15.74
17336,17,21.93
9421,49,33.65
17789,47,39.41
7924,162,202.08
25435,18,16.48
6072,62,51.19
8607,3,3.78
5875,46,26.98
16735,258,310.98
17723,2,1.64
17799,68,65.02
7481,25,26.17
21798,102,95.39
18239,0,0.69
16505,126,146.79
16502,488,566.92
24998,8,13.57
19179,31,48.81
7839,197,198.75
5551,52,61.87
4375,369,347.16
6885,0,2.89
2129,79,67.22
10853,34,60.84
2508,1,0.52
14136,7,6.11
10507,0,0.23
20192,353,388.63
274,0,0.07
199,0,4.81
15597,0,0.74
23520,488,497.72
15902,4,5.02
16467,387,452.39
11031,14,20.77
9084,1311,1170.59
18578,22,25.13
16800,0,0.12
3053,0,0.0
2393,0,0.0
18762,114,130.88
10948,32,57.95
10462,0,1.38
14957,40,35.79
2561,0,0.1
16579,100,166.91
18479,0,2.26
8069,33,36.26
3923,0,0.07
18491,0,4.08
8023,23,19.96
20985,627,460.27
9303,778,736.92
9975,80,115.84
8497,44,58.51
7613,4,1.52
5418,13,7.7
26947,13,10.39
14006,1,0.77
5102,539,525.22
10071,72,94.4
15874,0,0.0
959,19,31.31
26156,176,212.03
25132,25,29.23
5853,37,49.41
11193,6,8.02
23120,11,8.35
14592,122,99.23
21669,21,19.1
4047,3,0.68
4421,768,767.88
21812,18,23.45
22034,1,0.31
880,542,572.39
10434,0,0.22
14008,0,0.15
11021,4,9.66
21496,1,0.0
6730,7,4.72
14614,10,14.7
10610,49,39.83
9278,2033,1863.24
24385,224,279.2
26494,5,6.88
22464,45,39.27
13614,188,140.23
8091,8,7.4
19009,1171,1155.95
11997,2,2.77
19570,0,2.26
15081,15,18.59
26562,1504,1439.0
3916,1,0.31
1175,0,1.16
18856,440,459.1
12643,29,34.47
12655,13,17.56
2055,72,71.46
4540,165,151.71
23032,41,59.72
12309,12,14.15
8452,19,17.73
5589,12,32.0
15573,0,0.17
26783,66,61.76
25788,482,518.05
25835,18,14.24
13047,0,0.36
14459,3,2.03
3378,145,121.47
18655,14,15.01
3210,198,172.68
19693,101,97.17
1923,201,183.8
17982,49,38.97
4143,754,768.63
20927,69,73.92
24692,96,117.78
12578,67,59.15
3843,0,0.03
13064,0,0.67
5635,4,3.85
7712,1,2.13
147,2,2.01
9902,2444,2635.34
6334,5,3.27
18671,0,3.56
15335,0,0.04
927,398,447.42
5601,10,16.42
17341,95,86.23
13162,0,5.44
10606,0,2.47
14697,9,9.14
12054,34,25.54
3031,0,0.17
27114,37,42.82
12695,4,7.26
9585,2,5.33
14375,3,4.08
18234,5,2.82
16141,25,16.9
11142,11,7.81
9736,1002,1017.0
19605,5,4.77
4813,209,225.44
1246,0,0.29
19024,593,611.05
11355,184,182.33
22563,83,80.58
4125,0,0.94
12086,140,123.91
5533,319,308.8
9567,26,36.38
14729,53,52.82
3778,4,4.23
14055,2,3.79
8087,2,4.61
2726,5,0.88
20487,332,331.2
6576,257,213.73
2383,0,0.58
996,6,1.54
19721,12,14.49
15396,6,6.28
21945,0,0.1
3608,69,61.19
2764,3,2.18
8121,10,6.97
12246,38,42.04
15510,2,1.72
19886,2,1.75
15556,0,0.08
21078,0,0.06
4419,1838,1738.65
26756,423,426.86
23994,9,7.85
896,99,126.88
18702,49,82.74
13432,2388,2434.24
21884,0,0.07
11276,73,60.88
13566,2636,2736.04
3172,132,168.73
11194,4,4.21
8361,5,7.35
23688,165,192.16
26328,768,777.24
13028,64,118.87
1818,186,190.96
6504,95,95.81
20837,1382,1259.71
10690,4,2.74
17797,29,39.54
23417,194,278.62
14061,0,0.02
14644,61,77.12
19278,34,40.78
18768,25,21.22
12507,57,55.81
20067,550,587.86
19746,16,13.47
10157,27,23.54
25371,394,1367.28
3752,45,48.59
18597,1,0.89
27258,57,55.59
26425,617,570.62
26687,83,65.13
24713,460,466.67
4450,63,112.51
538,0,0.19
12366,32,26.38
9409,40,35.65
19370,207,249.68
17267,1,4.1
15726,0,2.2
1323,1,0.18
14200,4,3.13
15544,0,0.1
17198,82,87.66
10852,84,101.5
7030,5,30.57
21080,0,1.53
22994,20,79.62
25680,33,36.47
11844,10,5.94
26946,5,8.73
21836,17,24.79
3609,38,32.26
17598,12,6.74
3698,340,346.32
13857,160,174.27
6939,7,8.85
13141,0,0.99
21920,0,0.0
14313,0,1.04
22802,177,180.83
10122,19,47.61
19603,7,7.46
11976,77,185.83
6625,353,361.21
17742,62,61.19
23518,7,3.43
17354,67,50.29
24390,45,39.42
12989,175,172.47
21250,0,0.02
18229,30,27.65
3197,68,71.71
6290,49,45.77
6087,49,47.66
16037,18,16.45
25990,39,33.34
17057,139,128.17
10166,111,121.72
26688,2549,2555.81
3946,0,0.01
9958,3,1.52
5403,297,260.28
2647,0,0.11
22119,29,20.96
22450,1,1.08
16787,0,0.2
18397,24,12.01
9383,0,1.07
17037,38,35.44
1530,33,41.23
8255,2,9.89
14276,0,0.93
3474,126,121.37
6824,20,17.53
3386,730,730.26
23746,0,2.6
7251,199,173.33
1962,143,126.1
25561,135,95.83
19916,0,0.24
15046,2,4.56
16812,0,0.16
22254,22,17.21
22878,15,22.8
4740,126,159.61
24146,347,346.91
2281,79,30.93
7100,26,32.39
19150,6,6.09
3014,0,0.0
26066,2181,2170.18
8145,12,6.83
24330,106,114.1
26261,148,156.43
7917,32,27.28
9905,397,567.59
6120,80,59.91
18492,33,28.34
7752,113,104.83
1347,0,0.23
8454,15,10.23
24553,275,242.83
1834,6,2.17
22401,7,14.4
22587,97,98.36
8692,139,114.56
20556,646,601.24
19608,107,98.08
21674,413,377.41
8372,6,5.4
17419,42,34.43
4688,37,34.94
16264,6,10.7
15561,0,0.14
18386,17,13.03
3949,7,2.59
10463,0,0.28
23521,635,747.84
21745,382,357.21
150,12,10.96
20414,807,819.49
23460,508,497.71
12928,170,156.66
24000,5,4.35
26855,85,135.67
18121,5,3.2
1690,8,5.0
12050,76,63.54
14412,180,130.45
4771,58,55.17
7375,84,85.76
6178,2,3.04
25666,2,3.63
20978,8755,8867.56
18087,19,16.26
12117,9,13.27
19347,118,139.05
12838,5,2.83
17942,127,135.04
5727,242,407.78
12068,8,15.3
24056,9,8.5
22226,21,38.6
8370,22,17.41
8892,331,264.65
7949,77,111.19
10076,6,4.49
25011,25,23.32
3660,170,157.03
19070,256,276.04
22906,0,0.02
22638,0,50.13
2664,0,0.4
4952,119,97.58
16308,17,10.4
10370,0,0.0
15840,2,0.85
17644,4,8.31
23205,2,11.87
20823,8101,8403.63
6788,17,20.16
4070,9,3.58
7174,5,6.01
4513,96,98.57
5523,575,556.29
24206,317,333.43
26357,117,115.76
19140,89,146.3
1915,140,131.87
23218,11,4.51
10930,8,13.3
1664,74,101.87
21605,0,0.32
7293,10,17.54
13552,1304,1316.18
2266,0,3.19
14848,34,39.82
20244,780,728.65
13144,0,0.11
7685,69,91.58
5388,66,50.85
14302,0,0.8
22572,35,42.41
21661,382,385.58
12525,11,13.1
21458,1,0.0
2701,8,8.52
13177,7,8.33
22673,22,25.72
1603,78,74.46
14944,144,114.0
22901,38,31.41
2214,3,16.72
24155,0,1.41
3421,449,330.55
25142,32,27.33
22347,118,72.1
3829,1,0.7
20112,105,141.51
11974,0,0.28
16700,74,76.73
15144,72,54.16
22801,134,129.64
5771,37,33.57
19196,18,21.59
5535,285,320.33
14651,8,9.84
17547,69,58.06
18651,34,24.17
27301,195,156.42
23526,99,121.88
11038,0,0.05
10883,0,0.35
13188,0,0.86
15687,0,0.34
19494,16,13.18
11229,3,3.76
5980,7,14.15
13253,2057,2463.95
24964,337,376.06
5478,74,69.76
10423,0,0.2
17795,2,1.5
1133,6,6.25
25967,7,12.79
7315,94,94.6
5165,402,378.1
7201,516,504.59
23540,70,80.03
2300,3,9.05
25524,119,93.66
3482,422,441.59
3246,214,187.11
7486,1,1.07
17034,195,197.04
23750,12,8.99
25449,15,16.43
24494,108,93.21
5138,589,639.85
25652,6,4.45
1729,802,831.7
12377,42,45.44
1981,322,323.13
8413,47,58.46
9767,8,22.43
26625,730,643.4
9994,3,2.84
22648,0,22.33
167,1,4.21
20565,27,24.03
6950,7,4.83
2943,3,1.85
3441,40,36.4
13123,0,0.74
1644,386,362.25
12167,0,1.42
22366,0,1.23
4115,0,0.42
13302,2184,2311.56
4178,1067,1106.43
4393,1220,1923.35
24361,256,266.69
3725,173,175.11
22018,0,0.06
6952,4,4.53
17423,3,2.59
6534,48,69.02
247,0,10.25
17206,5,4.85
22242,18,21.61
10007,0,0.54
20763,10310,9603.4
9544,11,15.51
487,0,0.0
4206,38,36.06
26324,171,168.12
13211,0,1.19
16067,0,2.52
16227,13,9.85
9103,1102,1100.32
24639,68,86.12
5638,4,21.1
14897,19,13.09
3230,71,76.77
17744,20,22.57
14326,0,0.0
20464,234,225.95
9328,426,459.34
20330,887,785.83
21047,0,0.05
16139,0,0.75
11955,29,46.7
1114,1,0.65
24608,25,27.03
9986,46,57.8
13499,20,17.12
23181,1,37.26
12555,51,54.89
23533,603,764.13
8886,89,91.95
450,0,0.03
2718,0,0.08
24176,45,43.14
1662,115,102.82
17363,1,0.38
10397,0,0.0
11032,4,6.32
14793,4,2.8
26325,88,100.46
23868,3,1.0
21385,0,0.01
4097,0,0.71
15480,4,4.05
13111,0,1.38
12702,237,262.73
10475,0,0.04
15938,5,9.52
25871,17,16.43
18235,3,5.22
13471,2045,2202.31
3798,0,0.02
17838,54,60.3
8354,69,74.21
8104,39,40.86
14927,2,1.19
20685,14,25.58
26440,332,341.81
3922,0,0.79
5720,15,28.64
24565,251,227.08
6204,123,98.68
22864,21,18.29
5971,2,3.75
315,0,0.05
16553,255,219.12
14115,2,3.09
9997,95,97.53
6108,7,5.14
5762,198,208.93
3780,177,170.17
7341,13,13.31
24731,8,15.95
2904,5,1.98
17902,6,2.04
280,0,0.0
15621,0,0.43
19745,18,9.3
15400,3,2.14
18214,0,2.95
15825,0,2.15
1414,0,0.22
2974,0,0.01
11287,157,155.09
624,216,213.06
24562,3,1.76
5678,279,279.47
14426,142,124.13
25849,3821,3550.72
6434,227,220.82
11480,42,30.9
24374,266,290.69
6034,0,1.42
4043,0,1.03
1086,4,1.55
5144,118,133.25
12983,2,3.24
3064,0,0.01
14807,0,1.27
27058,2,1.87
8470,2,5.09
25628,2,1.68
14197,11,18.96
18968,83,77.71
18902,969,1005.17
11150,43,48.31
12272,9,17.63
3601,589,630.88
19004,84,79.35
12626,102,171.11
5354,185,256.81
11373,29,29.45
23612,193,376.45
19725,2,5.97
21009,467,460.21
738,131,134.4
8119,23,20.4
6868,0,0.98
16381,24,16.29
18811,81,94.9
5841,46,48.05
1056,2,4.43
3834,0,0.09
1311,0,0.09
12405,8,13.59
22697,31,33.59
3840,1,0.63
23665,729,664.89
9845,443,450.39
5553,14,10.61
5816,85,90.11
16397,9,12.9
4181,44,36.99
16886,34,25.81
5160,1292,1191.25
24502,1,1.96
8229,11,9.66
15028,115,105.04
7417,204,224.22
21539,0,0.41
24159,134,130.2
24018,6,6.49
9816,1143,1219.43
16561,774,711.66
601,530,500.61
6561,6,9.96
4372,1247,1295.12
9426,12,10.29
12209,46,41.05
22046,0,0.09
409,0,0.02
4978,37,24.95
26722,214,220.47
22665,5,9.13
3402,111,102.78
3706,5,3.02
7301,36,47.93
10658,36,32.42
21604,0,0.07
2213,5,9.89
17212,161,169.48
16975,190,182.83
17997,6,8.27
26274,344,340.17
3585,31,29.43
24937,721,651.36
11178,15,15.17
22557,9,7.45
8206,3,4.49
4814,201,166.05
20660,32,37.27
7724,7,9.24
14134,0,0.1
19428,223,199.7
380,0,0.02
23614,48,56.65
22543,38,57.88
14364,14,10.91
3537,24,31.24
24675,555,764.15
1822,2,1.15
26479,211,269.84
18707,6,8.82
8832,376,341.25
24601,221,257.46
9100,536,564.78
19380,198,149.7
2152,1,2.94
20510,114,113.19
24024,10,2.3
16096,18,11.08
607,188,176.96
21992,0,0.0
20638,11,13.49
24100,138,110.11
10721,17,30.09
26476,364,344.41
23726,11,3.46
19695,52,57.39
12313,57,54.32
11175,27,25.38
13062,0,0.17
21690,83,90.45
3272,51,63.87
24807,454,579.1
8686,4,2.35
19837,0,0.69
11097,7,4.84
22410,35,45.06
7488,59,79.41
20068,52,42.47
10477,0,0.06
14649,11,10.16
4343,55,49.34
9722,2863,3036.63
9995,0,1.82
21248,0,0.12
3100,0,0.01
26088,2,1.6
3581,86,71.18
16592,12,16.71
27254,105,187.26
4501,94,99.76
12408,33,35.97
24124,129,105.85
17440,50,69.54
6388,72,117.21
15460,7,5.69
12311,0,0.31
24362,257,290.99
27478,21,38.41
24208,78,63.7
6239,1,1.71
231,5,1.23
6027,2,3.96
11436,204,249.27
8639,0,0.12
8670,86,89.2
3662,370,337.45
21411,1,1.21
19632,29,22.56
12079,19,14.39
13174,0,0.19
3410,341,329.84
21670,3,3.37
75,13,14.49
18737,10,9.03
24991,0,8.72
15766,0,0.0
1108,1,2.46
2209,18,14.11
22927,30,25.71
27405,18,45.34
5006,535,582.15
19234,5,3.35
748,251,398.2
26537,2299,1340.79
25904,251,230.91
7785,16,10.83
16721,439,399.09
15720,4,4.06
2227,2,3.33
3694,6,6.12
21684,162,117.54
3993,0,0.22
2359,0,0.0
1599,271,349.33
25327,57,58.54
6863,0,0.65
476,0,0.02
19784,3,2.61
20097,222,279.49
11320,253,238.32
5627,9,14.16
259,12,26.49
20233,2574,2065.46
11433,17,15.61
20937,916,935.65
6186,12,15.75
20398,19,13.74
10134,23,30.34
8136,86,95.32
9888,1518,1413.37
16539,638,583.58
8319,38,49.63
11621,1,0.57
12302,14,12.73
27222,34,32.05
3931,0,0.17
2585,0,0.87
7255,79,98.08
1147,1,1.54
346,0,0.03
21617,1,0.04
10803,67,116.46
15006,85,81.52
16741,1151,1483.46
4101,0,0.0
14100,7,4.16
15877,6,2.0
15842,2,0.8
14704,58,53.47
9350,44,30.95
14619,6,6.51
20778,3499,3261.72
1387,0,0.61
10404,1,0.46
26983,23,29.46
6214,6,2.94
963,16,15.0
17054,205,211.0
2619,0,0.29
14358,54,62.42
6593,252,223.76
8815,23,17.68
5640,21,17.2
21783,91,58.15
19014,388,415.5
19394,235,250.56
7739,7,11.84
4546,21,14.78
13823,30,22.44
23437,676,788.92
12440,16,27.4
22269,8,15.97
16083,2,0.17
2617,3,1.31
16822,0,2.03
4455,1930,1928.3
7198,5,3.11
6292,48,52.86
2222,1,0.99
15837,0,1.1
14526,33,28.84
23226,176,523.72
9500,3,2.77
3964,1,3.96
1346,2,0.46
16506,83,80.84
20471,2,4.01
7760,24,34.51
12909,41,43.64
19298,34,41.25
2117,118,105.77
25480,51,67.48
15483,7,9.03
18183,3,8.28
26619,7976,8248.55
19219,63,52.53
13022,1063,1155.78
7937,106,197.25
6052,26,32.92
8857,299,274.93
6770,428,429.51
26363,5,4.15
5198,812,1142.91
3885,0,0.02
3023,0,0.15
12659,1,0.83
25766,1948,1808.68
15786,1,1.65
23974,3,1.49
9299,17,9.35
20169,371,273.12
14151,3,1.9
6032,1,2.28
14962,2,3.49
8936,26,32.12
9483,28,22.09
8867,0,3.13
16293,3,2.74
2350,0,1.04
20252,421,380.96
15409,16,19.53
6951,9,12.49
27086,107,129.65
22555,44,56.48
26869,8961,8247.78
3394,10,3.04
23549,120,133.04
22524,32,33.44
17428,130,122.03
4034,2,3.34
9913,2304,2323.56
24971,12,14.73
13494,2866,2960.85
734,501,515.56
19775,0,2.1
144,22,19.47
6169,39,29.86
3578,329,338.58
4850,67,51.85
13462,33,17.39
9807,611,633.78
2564,0,0.0
27369,93,85.26
15884,0,0.39
18339,26,44.03
2715,2,0.68
7827,68,66.97
8241,7,7.12
25157,1,4.97
17436,106,106.33
7790,101,100.31
15615,1,1.39
6944,0,1.1
25408,48,56.11
23516,80,92.88
5107,158,156.05
9052,661,610.89
12796,228,220.45
13344,1364,1370.14
24569,79,76.86
2229,2,26.0
19930,0,0.23
12815,5,8.57
8278,2,9.59
23642,1567,1553.83
13103,0,0.35
25772,216,195.36
18729,57,75.88
23569,759,774.84
8810,207,188.92
22762,3,2.42
21069,0,0.39
1580,81,72.95
24320,42,30.4
19125,81,84.2
20898,1884,1985.23
1510,4,5.97
7484,15,13.91
15647,0,0.12
7908,200,233.48
3594,198,227.22
12896,107,130.77
3673,616,593.15
20970,740,493.16
16860,15,4.03
19981,12,13.74
15943,0,0.61
23180,19,26.22
15971,0,0.0
644,83,86.46
15499,3,3.44
25131,44,41.48
7889,100,108.3
21397,1,0.4
21576,1,1.01
16432,405,412.79
19268,24,15.99
194,0,4.96
12633,7,2.82
6014,15,18.06
21213,0,0.45
10163,0,0.5
18469,15,13.39
21095,0,1.1
430,0,0.03
18212,3,3.09
20779,3328,3128.72
18932,79,84.68
16298,38,35.96
26257,1242,1306.99
22764,29,29.24
9345,92,155.26
5496,88,74.65
12014,68,51.69
24679,204,257.25
16580,9,14.63
3710,366,348.45
11428,121,124.94
10152,47,64.58
18434,28,25.41
14251,0,0.94
25592,15,17.1
1747,95,100.85
9276,1351,1358.8
9526,0,0.67
18887,3,6.99
1052,1,2.84
2937,0,0.26
27439,101,101.82
24955,190,212.38
26347,106,160.34
26615,82,75.29
14152,8,23.48
14718,56,57.48
19015,75,90.71
12277,80,77.54
25441,3,2.57
6215,5,2.06
15344,2,1.66
15993,0,0.01
14535,36,51.92
27281,10,14.46
25472,12,11.45
26450,227,228.69
7640,2,2.81
5554,12,9.87
10037,11,15.16
19687,3,6.14
25277,6,5.55
24335,3,2.32
21666,68,77.89
6946,0,1.27
10876,118,106.23
13325,1501,1626.24
16272,39,34.14
12514,3,1.65
13134,0,0.2
25225,30,30.75
9099,1456,1397.72
8407,11,14.4
1808,62,66.83
8650,4,2.77
718,19,11.59
8880,58,41.45
24213,32,25.91
4706,95,74.88
21659,0,0.52
10205,35,72.47
23283,325,388.78
27395,11,16.04
24748,334,358.24
13607,28,15.73
10864,9,7.38
15991,0,0.06
21114,0,0.0
14875,18,23.09
12437,51,48.89
6933,0,0.2
4793,72,84.15
21182,1,1.12
13066,0,0.4
15666,0,0.32
1434,105,99.56
2566,0,0.56
25019,0,1.11
2683,0,0.01
17747,0,1.45
16941,29,51.05
11309,320,255.04
17775,86,110.73
10029,6,4.7
3318,149,168.07
19422,76,63.1
15839,0,0.01
14540,8,15.36
4469,897,873.28
3580,136,127.26
25962,576,623.46
4884,709,666.82
27359,13,11.52
16443,353,421.64
13847,26,22.89
13694,810,847.58
8193,7,5.12
12332,8,17.0
8768,19,16.56
18921,88,83.58
7499,0,0.92
18715,23,33.61
19454,298,254.88
5460,82,71.16
12407,2,1.0
11679,5,7.26
11262,341,248.55
27370,64,52.29
10063,9,10.57
16783,0,0.18
25810,68,62.47
23662,35,31.18
15964,4,9.13
22258,3,1.92
22573,275,248.18
22623,88,42.6
26853,428,424.11
16606,79,98.36
12438,20,20.2
3507,235,258.26
8616,3,1.07
5337,20,38.12
16856,0,22.64
10802,51,52.01
19598,62,44.48
14791,32,23.65
13488,7921,7989.03
17500,58,62.75
13540,1315,1288.47
19375,26,53.51
16178,2,1.16
26508,1579,1613.2
10936,7,15.81
1035,13,9.55
15468,7,3.51
18483,31,26.69
13764,938,647.59
24302,224,262.92
24484,95,73.86
17,8,21.14
6769,318,336.21
7936,89,110.62
26564,1247,1276.26
19310,45,41.61
19458,95,61.59
22650,0,42.96
20573,153,187.09
24040,12,8.4
2435,0,0.0
2592,2,0.59
742,19,17.5
2308,17,28.38
23134,4,5.0
2009,73,81.69
25905,196,161.56
4685,128,138.98
16271,0,0.39
22050,0,0.09
20893,15843,12750.7
19560,34,25.82
2008,120,108.51
19699,8,13.62
17024,84,85.68
24676,485,523.39
10429,0,0.1
4165,530,566.86
25999,528,494.39
24215,0,2.05
17960,16,9.92
23327,2,5.67
16047,5,18.88
16219,9,10.92
27447,248,211.11
9622,22,198.81
11007,1,1.32
13881,93,84.09
4119,4,5.42
15603,0,0.99
15807,2,3.73
4059,2,3.03
6663,248,210.11
16635,942,910.81
24281,68,77.74
2034,91,100.63
17306,79,59.77
480,0,0.0
24101,63,62.09
13354,55,41.14
1303,0,0.01
23009,2,3.05
15980,0,2.14
23535,282,361.36
13282,49,165.34
11680,1,0.42
6522,73,70.41
2734,0,0.51
14303,0,0.08
17282,60,60.07
5201,400,374.92
5394,48,41.54
7277,43,52.3
20319,4255,3804.49
9929,47,77.34
4449,71,329.92
23720,111,174.0
18846,14,32.18
21417,0,0.03
24570,64,63.15
2195,1,0.96
17834,77,92.49
5658,54,44.34
7627,16,23.13
14035,0,0.52
13852,528,610.47
1290,0,0.36
4273,895,890.29
23489,248,227.22
23577,50,46.08
11369,272,259.58
23047,15,26.16
14956,112,112.21
20033,30,33.17
21640,0,0.25
24637,249,260.25
24769,873,897.72
17678,68,68.56
10933,39,43.33
15382,0,0.18
11198,15,13.07
6689,120,128.39
21221,1,0.35
12333,8,10.34
16714,73,58.66
396,0,0.07
4659,299,316.65
14636,21,14.22
12810,407,353.85
14475,91,109.48
16845,2,5.74
22858,1,0.69
4336,1226,1292.52
22089,0,0.09
2848,0,1.23
18884,128,122.13
11188,20,20.46
24820,743,645.44
10042,2,2.74
13804,657,642.5
27007,27,29.34
26392,296,323.52
10087,26,27.6
1595,6,2.8
20282,755,755.9
20372,421,480.75
24850,17,22.65
8416,23,41.16
2516,0,0.0
22196,19,26.04
14844,25,28.27
22341,15,21.93
20126,1265,1045.21
21535,0,0.0
21522,0,0.0
10226,85,87.13
23122,6,3.5
26651,77,82.28
17786,25,38.02
21073,1,0.01
20850,2471,2635.06
12681,72,98.34
16547,29,32.12
22124,21,30.47
18629,32,38.01
2676,8,4.33
14263,0,0.74
13933,2,2.63
10126,2,9.87
15685,0,0.02
4404,318,370.34
26477,403,429.94
7223,0,1.59
15481,20,13.48
2856,4,1.87
4684,102,100.84
7249,476,461.76
10496,0,0.08
18320,2,1.76
11615,0,0.59
3189,30,32.44
2232,24,11.37
14681,24,31.77
11775,4,1.7
26548,4109,4414.79
12369,9,10.11
2929,5,2.11
20974,102,126.35
10140,33,61.18
23667,873,740.93
9961,83,73.7
5501,102,99.85
13373,2513,2557.86
16201,57,39.17
22371,93,67.74
3473,200,210.62
11066,10,24.45
26418,230,263.89
21404,0,0.0
15175,2,0.69
14905,94,97.16
2867,0,0.29
15559,0,0.19
20250,679,840.41
22896,38,41.12
13557,616,539.82
5843,4,6.01
13522,41,65.27
21979,0,0.24
9397,4,6.76
9419,0,0.16
8279,0,0.67
23950,2,4.88
25830,1087,1102.85
3806,1,0.84
23894,16,15.03
15001,285,287.44
8124,86,105.19
24420,136,137.74
10045,58,122.45
16756,612,1546.95
6552,104,94.69
1738,10,9.16
24773,268,326.82
23175,35,57.85
7901,113,107.28
19851,2,8.09
23113,101,95.48
19400,16,19.92
26154,411,485.65
11598,1,4.63
1765,181,189.05
22375,14,15.29
3286,22,10.9
11699,0,0.09
11444,52,32.71
23633,623,509.97
6538,1,0.73
22774,4,2.95
6602,68,41.43
11585,4,4.83
22926,30,27.98
21081,0,0.08
26032,850,724.88
6149,9,8.09
10562,0,0.0
11879,0,3.09
15604,0,0.07
5814,91,88.11
10836,10,7.28
10824,8,7.14
24239,2,1.19
25919,16,18.47
15744,2,0.65
13185,1,0.6
15005,39,30.01
10581,0,0.01
17137,503,463.02
16734,214,208.68
1743,418,454.29
20863,2910,2843.8
447,0,0.0
20613,30,38.87
12777,72,67.02
13194,0,3.25
10372,0,0.05
10579,0,0.04
1675,90,102.15
9688,1441,1443.22
7748,24,9.97
10594,0,0.08
25938,738,683.04
17190,131,145.19
4448,400,436.56
21525,0,2.25
14918,325,268.64
12618,24,26.33
6480,107,96.46
20901,904,945.83
10761,5,3.46
26187,816,700.96
3876,1,0.09
8409,2,4.41
7731,126,114.86
18985,1037,1024.86
23680,508,762.23
5697,2,3.73
26918,59,58.55
3142,0,0.32
24848,220,254.14
1121,3,4.44
12038,69,52.43
5284,142,118.38
520,0,0.04
385,0,0.02
1741,754,860.96
19320,105,116.65
24685,36,51.06
17086,5,5.11
27261,65,78.72
5191,137,132.94
15914,3,2.05
6779,1,2.76
22038,0,0.07
21995,0,0.76
4871,5,5.07
2449,5,1.09
20044,47,37.74
6750,49,58.99
18266,42,42.58
438,0,0.07
7602,31,21.08
11890,0,0.54
168,6,2.21
15591,0,0.07
13098,0,0.41
482,0,0.01
18551,6,8.4
3503,1,0.7
13658,1246,1516.43
16111,5,3.16
10971,20,26.11
16894,1,10.61
22937,38,34.45
8952,131,103.42
17386,5,3.7
681,79,76.37
13555,2598,2278.34
21770,90,55.47
2463,0,0.13
8928,64,56.27
2518,0,0.01
13583,34,19.96
8157,1,2.31
9423,38,33.91
2135,0,2.09
22862,159,145.36
1106,12,7.88
6802,4,3.67
13783,131,117.58
23082,27,23.3
17555,2,4.02
12244,11,6.95
19126,9,15.04
1339,0,0.26
1731,396,442.87
18878,157,150.21
12837,57,79.44
26929,60,78.59
459,0,0.01
27158,79,64.36
6136,24,27.71
18928,540,606.85
5220,21,25.44
8459,0,1.09
17756,25,22.31
15004,156,110.59
20632,177,182.41
6492,99,94.14
1396,0,0.12
4258,38,55.32
5343,174,268.82
9373,51,36.67
4689,20,23.6
13924,1,0.01
19974,0,0.01
21402,0,0.07
6210,2,1.09
3035,0,0.12
17467,9,6.17
1201,26,18.33
7918,4,5.99
188,17,9.38
14812,27,19.36
22280,14,17.3
6137,11,6.49
2662,0,0.11
19260,105,113.52
9676,1452,1448.14
1978,1,3.36
8842,5,2.84
4128,129,155.35
20511,364,368.88
7930,27,20.27
24065,185,162.77
10430,0,0.0
22079,0,0.12
23671,40,35.2
25637,37,32.45
22708,39,42.97
19025,106,93.03
22907,0,0.43
10899,23,35.56
19599,55,53.48
1940,45,43.64
221,13,4.46
25478,47,56.3
2420,0,0.16
26014,34,33.1
26561,2209,2172.26
13976,0,0.95
17781,18,16.32
6557,34,47.53
8908,89,93.85
10144,24,38.25
5464,256,300.04
24881,43,44.7
23877,0,0.43
25074,6,6.73
16257,1,0.47
8743,48,37.42
1075,2,1.87
19189,207,231.0
13195,0,5.91
4254,208,200.87
16481,8,14.27
1397,0,0.16
5844,67,74.77
3298,20,12.05
9568,11,15.31
16039,6,5.86
8406,17,14.23
23313,42,65.44
3592,113,126.31
15252,6,5.42
19954,0,0.04
18713,87,83.94
6309,5,7.87
16496,33,46.08
4832,14,7.49
5437,240,236.52
15063,146,114.88
22228,50,79.05
2020,102,104.58
9469,4,7.63
4186,35,38.7
12505,70,50.47
15771,3,2.84
7886,214,211.1
8028,110,93.25
15268,6,9.7
4602,97,87.38
16945,236,211.21
8351,1,0.17
5199,439,482.3
12988,179,164.14
22155,27,25.26
19317,8,8.47
15414,1,1.71
17495,1,2.63
17023,198,194.31
22897,117,116.35
14672,12,33.15
19249,198,221.79
20619,275,254.68
6664,55,53.51
10153,75,94.89
19821,2,2.67
6202,2,3.04
21382,0,0.19
3498,184,175.76
15496,4,2.89
20429,197,248.58
21864,189,191.15
11558,7,6.37
27140,19,11.97
16707,1191,1311.71
13126,0,5.44
11117,1,1.96
11297,272,318.79
15619,0,0.09
17475,59,61.75
11778,1,3.94
23660,304,281.75
24804,1284,1070.53
21933,0,0.0
24661,211,298.95
10272,71,62.88
2404,0,0.0
26911,12,5.93
4416,295,424.64
7209,16,13.8
8879,1,1.43
5513,90,89.4
127,13,10.29
26100,2,0.76
8778,105,125.47
22026,0,0.0
20353,2952,2808.82
3820,0,0.15
4984,473,507.24
12806,910,926.64
10445,0,0.0
23730,17,15.59
17425,104,97.25
4845,6,7.03
8047,28,20.53
5226,37,62.84
9999,38,55.98
22589,15,25.29
25394,8,1.64
19417,271,260.22
24672,214,289.5
22489,263,246.34
964,15,3.14
14384,21,24.84
8629,1,0.03
15443,0,0.31
26867,143,163.35
16434,64,67.75
22615,10,21.37
27382,49,54.41
23087,3,3.33
23621,500,491.41
10620,8,4.54
18195,51,44.45
25598,76,92.88
21262,0,1.4
22787,0,0.96
19346,284,223.33
6835,107,92.26
10515,0,0.0
2173,18,23.48
8643,222,199.76
20738,8014,8540.05
16394,14,15.85
2635,0,0.1
20949,839,963.06
503,0,0.0
6245,10,10.8
17549,38,24.92
21466,0,2.19
10114,2,1.23
5035,118,125.97
22186,2,0.54
3541,593,566.55
21820,77,81.24
6628,246,237.06
13800,944,796.12
22176,15,19.67
3579,236,226.0
10901,59,59.92
3508,94,83.57
17941,60,64.4
928,604,655.95
18170,20,15.83
13294,36,142.83
12527,1,1.47
103,2,2.05
6912,2,1.8
7428,77,75.33
25173,7,8.84
6325,270,251.11
23201,50,32.93
8265,7,9.55
17466,23,27.5
22694,205,225.38
18957,96,86.29
828,225,237.18
20280,828,858.12
19547,0,0.49
27349,355,318.39
8020,90,91.27
15395,0,2.25
2947,0,0.7
4739,3,1.68
13797,177,193.84
27234,77,57.01
21981,0,0.0
9375,26,30.51
20001,0,0.0
26598,1342,1366.16
2434,0,0.05
16487,18,19.42
19377,11,10.14
5676,22,29.72
20574,187,162.65
8013,6,3.93
27425,85,94.79
12920,86,108.27
20600,45,41.24
25337,83,98.88
2041,273,276.95
6442,2,2.5
24830,1277,1202.31
12495,59,54.98
5528,50,70.22
6934,0,0.56
2043,80,73.46
3366,144,122.38
17970,59,61.44
10739,0,0.77
17408,13,17.28
10941,13,11.25
27363,363,298.11
9529,36,27.27
11946,18,19.37
3789,21,27.74
15291,8,5.94
25304,4,5.13
13593,432,563.21
8034,22,23.7
22872,45,42.96
13212,1,3.27
20826,3072,3101.55
12233,25,22.62
3058,0,0.18
10094,59,60.34
12396,39,34.45
26353,1350,1319.84
22655,0,28.47
19108,497,520.52
15925,5,3.11
1063,4,6.02
21024,3,1.54
11337,32,34.35
6039,30,37.49
18043,61,52.77
6427,64,62.48
26734,199,205.69
13826,1178,1045.98
21842,275,239.58
18529,43,39.9
16046,6,16.94
23056,14,24.87
2061,18,22.23
27373,288,294.47
17907,59,74.12
26288,218,241.52
16908,112,109.93
13083,0,0.17
6531,59,48.86
24737,255,373.62
8008,23,36.88
6688,189,181.42
18481,37,29.87
14230,0,0.16
7406,218,223.76
13387,1011,1178.29
10454,0,0.15
17311,25,23.47
2225,9,8.78
1282,0,0.06
9362,38,39.11
3639,221,215.34
20997,511,422.57
20533,142,140.36
12344,14,8.77
14556,132,130.56
12471,65,59.17
24605,44,43.22
10949,83,81.07
8615,0,0.58
17452,57,61.71
10389,0,0.44
18082,1,0.94
14192,0,0.0
6435,45,43.59
10783,3,5.49
16010,5,10.45
17399,2,2.26
17959,35,39.03
18168,7,8.75
15851,0,0.0
7286,538,476.17
14248,3,2.91
16203,17,8.4
9684,1176,1221.65
14974,8,4.49
23941,8,9.6
478,0,0.02
17060,78,84.73
7661,42,26.1
3874,0,1.16
4580,23,28.82
11761,6,8.35
26472,1587,1577.42
25697,5,9.61
5503,155,132.83
6425,87,86.64
23949,2,1.87
1092,17,13.28
15238,0,0.23
3735,163,182.31
21203,0,1.15
8476,18,11.26
23686,18,29.79
22216,28,23.89
12639,41,47.97
8665,439,460.13
17978,62,63.29
4730,238,256.63
24563,1,1.17
19735,6,5.82
27107,3,2.49
647,11,11.3
970,0,0.11
8540,0,0.54
5211,122,144.51
13678,61,50.38
3470,422,434.41
5456,40,35.21
7569,12,8.19
21611,0,0.21
19679,0,1.6
4438,56,74.73
9774,925,1214.35
20449,99,119.71
24758,880,942.42
6870,0,1.38
4913,322,276.84
1009,5,1.85
15558,0,0.09
13037,1,0.6
210,0,9.08
3329,78,77.12
5222,156,221.54
23213,34,34.55
11751,9,9.09
15458,16,22.91
15868,2,0.8
26800,3560,3606.95
15910,0,1.9
6308,11,17.96
3226,16,13.41
25250,34,50.19
326,0,0.01
5391,457,404.43
18593,27,32.45
12900,512,637.3
17236,186,188.06
15276,8,5.81
25374,23,146.94
20721,641,701.63
5383,33,42.33
664,50,50.3
5564,52,79.4
13954,0,0.12
17265,34,42.17
2194,1,0.65
649,502,512.44
15337,20,17.89
217,29,20.8
11305,1114,1089.01
15565,1,0.13
15657,0,1.06
26753,3399,3118.34
23903,0,0.19
8863,33,27.32
5034,147,142.23
16404,44,58.12
5260,140,138.72
24158,233,252.23
4413,52,96.46
12176,4,2.7
17624,4,4.2
20273,997,1135.02
10574,0,0.02
13495,2193,2250.02
21468,3,3.32
13805,53,47.56
11734,0,0.34
23416,160,161.53
23343,600,650.31
7964,22,27.53
8298,32,38.64
23281,666,745.61
5183,13,17.1
24698,753,660.49
21665,197,142.5
7088,35,27.51
20339,20,21.89
12650,92,181.1
22202,37,36.71
16981,242,238.54
2885,0,0.79
18095,1,0.94
9720,1045,1194.7
7012,3,2.72
12849,51,83.05
14545,106,94.51
21234,1,1.74
13010,1123,1202.22
19246,2,4.32
19359,103,130.85
2748,15,16.57
11395,181,213.47
24195,119,129.76
22356,27,27.3
16245,0,0.44
8703,211,216.85
10132,26,37.3
24816,1063,1153.67
11255,0,0.13
24609,15,15.82
26697,575,603.37
9059,5,6.88
12560,10,15.12
16197,1,5.16
22325,34,32.25
14413,88,84.94
6948,3,2.32
7042,14,7.4
12850,9,10.22
134,2,1.94
7885,103,241.27
22951,18,21.53
7447,43,70.92
10483,0,0.24
3351,375,349.24
23725,2,2.24
3200,50,65.54
9138,1137,1070.29
13941,0,0.15
5749,217,188.46
20762,11431,9997.39
22515,89,78.27
10373,0,0.02
21524,0,0.01
26308,382,412.98
18993,76,81.9
7339,37,75.63
25534,15,8.59
19813,15,24.69
21828,199,194.57
8819,1,1.44
316,0,0.0
10520,0,0.17
146,11,13.48
8240,7,8.46
27120,59,58.84
12431,0,0.4
19445,95,102.59
25801,3995,3536.6
27419,10,7.6
14147,0,0.01
16258,0,0.29
15492,7,3.57
7136,32,26.47
12147,57,61.77
24433,229,237.96
24023,0,1.52
24833,41,41.99
24413,143,115.45
16449,21,22.18
25602,3,2.04
11677,5,4.87
7536,48,63.81
819,445,419.32
367,0,0.07
8604,1,0.08
4645,348,343.64
3486,109,119.19
16442,361,385.3
3703,69,68.52
27459,333,266.67
27296,77,77.73
3707,3,4.61
8840,27,25.99
17804,11,11.4
5665,20,27.64
12513,5,13.27
23184,164,131.72
5915,33,31.22
3111,0,0.0
6803,3,3.14
24014,22,20.24
22472,16,22.68
18345,1,3.72
91,9,6.56
20476,207,222.5
21046,0,0.07
5763,438,399.9
24038,18,12.88
5227,26,33.86
16321,20,24.61
2532,2,0.92
10189,25,68.16
8993,1218,960.93
26636,1059,1098.88
6433,247,214.13
2495,0,0.06
23209,126,110.43
24576,124,161.62
26779,932,1000.54
2505,0,0.02
19209,25,19.16
21609,0,0.34
22106,44,39.25
22908,49,40.04
3776,43,50.6
5382,34,39.63
20357,643,581.65
20483,4,4.32
25926,759,773.12
10235,0,0.21
26213,340,302.69
19797,1,0.81
7545,11,8.5
23227,174,348.68
8478,13,12.94
14760,34,24.81
21845,126,115.64
23947,2,4.18
2528,0,0.76
19099,266,279.76
4148,331,306.15
22108,46,53.24
7672,70,108.66
21147,1,0.0
1011,31,32.13
13420,2454,2416.3
21907,0,0.0
12135,109,139.04
8972,22,26.96
10854,12,23.39
1034,24,28.21
4900,827,863.0
2270,2,4.44
696,192,213.52
10296,1,0.27
13874,60,63.79
8203,20,23.4
8821,339,430.1
3704,46,52.17
10056,32,42.18
21862,0,0.38
19674,10,8.38
119,0,2.16
21986,1,0.02
15801,0,0.96
2790,0,0.24
21198,1,0.63
13077,0,0.29
3160,0,0.02
19007,10,6.16
2784,21,8.26
9648,1296,1253.37
25127,0,1.41
24572,35,30.65
23794,0,2.37
5525,158,129.58
22599,83,86.24
16552,689,625.65
8246,85,107.76
27078,18,10.94
13984,1,0.27
11497,632,592.09
15533,4,4.35
7676,18,31.81
6049,47,44.78
14128,6,7.67
11342,620,643.15
13084,0,0.38
1888,93,87.41
10670,43,29.85
26587,511,507.32
22142,41,40.03
6377,99,105.48
19072,547,541.95
2932,2,0.24
12187,16,16.78
14187,2,3.81
18040,43,47.93
25036,2,2.89
16069,44,33.99
4194,196,178.6
2408,0,1.08
14239,0,0.47
8900,26,26.44
21942,0,0.2
1413,0,0.66
13137,0,0.2
27085,131,88.0
25375,79,178.06
5216,3,2.04
16155,13,11.36
21588,4,1.44
18679,21,50.1
8610,2,3.02
1450,6,16.2
13582,58,82.79
6095,0,0.76
25026,16,6.8
22486,2,3.35
9618,800,865.91
24184,63,62.92
46,0,2.06
12729,90,80.38
12093,3,5.02
180,4,1.23
19786,1,1.08
15325,22,21.58
24102,88,82.24
15912,3,2.1
5053,500,471.81
7799,15,12.71
25910,467,478.41
16738,79,90.22
22682,145,140.58
12927,354,386.56
6133,77,60.29
1493,39,41.83
469,1,0.29
14620,10,3.8
2166,5,6.06
1911,112,94.15
1027,10,5.75
11501,229,193.93
17882,85,85.62
1423,143,138.25
15221,3,1.49
12492,28,30.46
18912,2155,2205.36
22235,1,1.83
2982,1,1.18
25255,3,5.13
26086,0,0.39
17880,36,32.15
23372,87,89.18
23214,27,31.78
6745,329,313.88
3256,247,230.0
11604,6,5.31
11574,1,1.36
10493,0,0.1
1192,2,6.33
23738,1,1.27
16270,0,0.95
18063,17,14.72
13438,39,37.58
15618,0,0.05
15769,1,0.0
7880,53,50.31
15660,1,0.36
12723,443,466.65
11895,3,1.03
6067,3,1.98
20057,464,490.87
12585,13,9.08
16518,12,84.87
10768,19,50.09
8211,85,97.66
12912,595,612.38
23427,414,496.93
26574,1432,1388.41
6526,3,0.89
8156,5,5.6
3734,408,366.1
10512,0,0.0
3383,1,1.56
8358,21,23.11
22758,54,40.9
351,0,0.0
24128,50,54.53
9248,255,231.06
3860,0,1.58
14778,38,38.14
4639,90,94.69
24851,12,13.25
15490,0,0.25
2604,2,1.18
6234,9,13.9
14982,101,85.16
23566,6,3.96
6280,8,9.73
4170,182,164.47
19649,8,4.36
1297,2,1.16
9402,3,6.77
11387,1,2.03
23200,40,40.37
7606,7,7.01
5219,1,3.37
18066,8,4.18
19146,81,79.58
635,11,13.44
13756,621,557.84
6438,39,40.21
14712,31,28.64
9020,414,378.6
16793,0,0.2
10321,1,0.32
11524,107,127.31
12687,248,265.06
12032,9,6.23
5047,119,116.71
17803,16,16.64
18622,3,8.0
9147,1136,1238.19
9149,789,824.12
10075,15,29.19
20851,2920,2824.24
5114,599,554.52
25584,101,96.11
7552,31,35.14
13745,53,46.33
2559,1,0.39
22976,5,7.01
2004,189,170.58
8696,39,45.48
2386,0,0.39
7072,177,207.86
6417,9,11.07
9926,82,264.48
5746,36,34.48
15436,10,2.78
3643,60,67.49
22448,9,14.47
21476,0,1.97
25734,1,0.38
20269,2553,2255.7
16852,0,10.47
16583,40,42.04
7998,34,13.05
9962,52,63.23
10830,11,12.9
1411,0,0.25
29,7,15.44
18035,1,1.01
23809,5,1.68
20745,704,766.31
23117,3,5.14
3045,0,0.01
22246,3,1.98
3362,466,422.08
19648,32,29.97
10697,11,17.83
6826,5,6.16
18770,107,124.96
10533,0,0.03
3979,1,0.31
27170,77,66.27
3668,48,50.76
8729,156,122.2
15922,0,1.05
7581,7,8.16
25088,6,7.53
18264,44,39.83
7495,15,27.29
23238,227,373.85
27341,163,148.73
1869,33,32.23
27095,1,1.84
4156,713,686.63
12887,4,3.67
22093,19,21.1
12077,23,14.63
960,25,18.6
984,3,4.92
23515,274,288.07
21010,96,121.39
278,0,0.02
2145,21,29.36
25284,38,30.67
17239,59,55.65
22290,20,17.96
10779,17,20.96
22640,0,134.76
16683,997,1087.54
21868,70,97.23
24016,10,11.86
24941,222,221.09
27256,29,19.87
4817,36,37.9
16151,0,1.59
10935,116,146.13
18357,3,6.72
5708,16,45.62
2981,1,2.76
16982,381,379.66
11832,7,5.19
18761,11,9.5
1259,0,0.37
25136,6,7.99
10480,0,0.0
11376,276,215.55
25752,522,517.44
12694,11,19.6
26620,4119,4129.67
4057,4,1.6
6657,92,121.89
7247,1,0.43
13898,667,634.0
5081,438,402.42
11018,18,16.43
18167,0,1.03
27207,81,79.38
23891,0,1.01
18102,3,3.54
9594,5,8.36
23775,1,0.69
1429,367,366.08
24249,23,24.69
13002,333,289.62
3502,4,3.03
8295,55,57.11
15949,2,1.16
20383,237,171.43
10004,10,14.54
16420,408,393.58
20904,1701,1394.98
27342,13,22.82
12406,3,2.47
23469,38,53.34
1611,280,278.82
13207,1,0.58
24148,70,61.0
4520,38,32.01
21944,0,0.05
14684,18,31.16
23186,128,109.4
9512,1,0.4
1514,332,365.0
17986,1,1.33
6440,25,13.22
14065,3,3.43
139,3,6.74
27076,77,62.57
4157,197,160.09
6914,3,5.0
25415,4,4.43
16076,3,3.09
2254,0,2.17
5043,430,442.77
11617,8,6.35
24766,0,5.39
17681,41,39.33
15909,0,1.26
15495,5,3.03
9380,13,17.14
17760,36,38.05
3418,6,2.0
18197,10,7.76
12730,11,12.43
6258,16,20.14
12584,18,12.82
10961,1,2.75
3686,308,343.17
17762,98,80.04
10548,1,0.13
24873,91,137.24
2290,8,7.13
8158,5,3.48
27041,26,32.84
24456,139,147.98
8891,0,0.51
25093,35,37.5
26270,222,233.98
4153,647,573.58
24182,333,321.79
208,0,6.6
27150,16,13.41
24418,2,2.23
12705,65,84.6
2605,2,4.37
21781,296,332.29
2587,0,0.31
22781,35,52.41
15819,1,1.29
18580,39,44.91
23532,514,513.55
9538,2,2.65
22654,0,110.66
11123,0,0.38
2870,2,0.44
12033,3,3.15
10418,0,0.0
17964,36,31.07
13321,1702,1555.19
19327,22,57.97
2905,3,1.75
7258,2,1.74
2702,1,0.07
24458,335,334.07
14337,0,0.12
16888,12,7.35
2351,0,0.04
18632,6,6.53
20780,1179,1064.68
1751,6,10.5
2299,8,32.3
5174,184,221.37
7719,101,96.31
21558,0,0.0
17822,133,131.16
5729,117,207.92
14761,204,234.16
1640,48,70.57
26051,20,17.03
2492,0,0.38
7439,0,2.01
21473,0,0.0
6069,3,1.37
8184,120,97.35
5117,362,406.35
4774,5,0.57
4471,88,208.07
8834,176,207.82
19093,2182,1888.55
14112,5,4.97
27143,0,1.57
11827,2,5.68
5500,330,314.01
15060,220,210.85
17577,21,19.61
3110,1,0.29
16119,17,14.36
27180,65,57.75
20347,1550,1551.82
15853,9,10.29
11265,40,38.2
17409,5,7.82
9069,167,177.43
8870,113,105.81
27420,404,360.88
2210,8,17.55
11756,0,0.77
24815,0,28.8
18526,1,5.16
26744,414,433.23
12776,140,134.16
6483,53,43.44
6271,14,21.69
13784,101,117.76
24659,2,2.31
4672,87,98.96
14943,39,42.1
13351,1846,2001.66
20130,281,266.71
8623,2,2.17
7944,25,34.4
26728,3432,3421.05
15959,0,0.0
5863,82,84.72
19652,1,2.84
7916,32,20.57
1474,8,6.29
24810,444,399.48
11293,765,713.28
15074,155,110.57
1713,104,120.32
5135,15,11.68
3995,0,0.08
26097,0,0.46
27303,12,12.78
10193,11,8.59
708,190,211.02
26916,36,34.01
18962,160,176.06
24337,263,262.09
10765,21,19.37
13213,1,2.71
16366,2,2.8
5290,7,3.92
4972,479,505.19
23339,2,5.35
25701,2,2.15
8902,2,0.47
2554,0,0.18
22342,3,2.15
14733,8,10.36
20617,159,143.44
22796,13,9.36
17552,22,20.11
16101,1,0.19
16791,0,0.0
12836,123,128.01
7330,5,1.21
13339,974,1092.06
2865,0,0.08
16042,0,1.12
24359,2,2.86
3836,0,0.29
16703,6,15.93
19833,1,1.2
14261,9,31.28
19368,202,172.34
683,13,12.91
18531,39,43.59
16128,2,2.23
15182,7,10.88
13468,1595,1619.36
25976,170,181.26
13101,0,0.33
4408,1375,1356.88
19487,0,0.71
7647,71,84.66
8165,57,53.32
11187,30,27.37
18861,72,73.47
8777,77,71.13
12965,161,161.83
17455,30,42.88
16877,9,9.78
15425,4,2.6
11438,550,548.46
16565,227,217.14
10882,7,7.81
5218,9,8.19
4844,12,16.67
11623,0,0.21
14301,0,0.04
14240,0,1.45
25462,9,4.76
1383,0,0.11
26491,232,282.75
2441,0,0.05
20217,254,379.55
12530,93,93.18
17062,6,5.12
19328,9,16.73
20814,2917,3106.42
22110,35,32.74
14372,26,26.72
25388,109,304.39
19311,108,165.16
16794,0,0.06
431,0,0.04
13400,1050,938.22
17502,19,24.85
2751,4,2.54
8904,293,270.75
27185,36,30.42
24858,383,363.13
13308,1354,1384.47
1866,132,141.07
9378,17,24.59
20718,3064,2564.46
15617,0,0.19
451,0,0.02
1606,8,7.49
11973,6,7.64
26114,10,6.17
23497,701,663.59
11544,221,149.76
4679,3,2.78
14809,143,160.78
19516,22,49.2
14826,32,24.12
19537,68,69.01
24410,358,310.37
12220,27,19.5
7363,46,56.17
8377,13,13.93
25052,8,7.59
26297,358,345.7
24106,4,1.89
9934,0,1.93
24755,42,6.36
21434,1,0.8
2081,62,67.09
12831,481,519.71
6145,44,53.97
17595,24,22.23
6481,199,194.74
11026,0,0.4
17544,70,76.4
16546,4,21.72
7781,73,87.34
26006,1882,1901.52
7024,176,214.57
5576,64,71.44
18819,171,378.24
5304,50,25.16
13761,198,198.1
9742,25,38.57
21337,3,1.53
7306,5,2.34
18764,27,29.53
19464,25,14.73
17115,165,175.38
10819,12,10.98
5545,288,312.94
25413,14,15.88
3509,202,173.2
5414,519,449.87
10624,10,16.3
12034,8,2.0
22782,13,17.37
15834,1,0.24
3,1,1.68
16041,1,0.37
1632,394,496.2
6352,93,68.45
14773,136,141.42
26469,70,100.49
17753,60,42.72
22842,30,29.34
18414,4,5.33
3393,36,28.61
466,0,0.0
18821,232,180.7
13608,82,67.56
11965,50,49.02
13120,0,0.34
20734,298,291.8
8021,42,23.51
8731,39,41.91
4610,86,94.4
13787,14,20.44
14987,0,1.1
24590,267,271.9
5001,33,49.36
18960,2430,2346.06
23159,2,3.7
22344,14,27.51
10904,1,4.23
19731,47,62.93
13385,2570,2930.6
20782,355,355.73
22885,96,122.75
27217,133,102.47
5485,346,317.48
24989,2,6.7
18798,89,92.47
26300,171,171.35
15054,59,65.09
844,585,555.26
12798,468,349.58
20164,1240,812.2
14002,0,0.05
8423,1,1.29
20658,42,58.29
3397,376,311.21
13642,63,66.17
1398,0,0.08
15041,34,34.97
6619,128,129.52
26550,1596,1446.13
21218,2,2.61
21734,296,291.81
7793,86,78.43
8796,402,422.05
8282,117,103.11
795,412,385.07
22647,0,0.38
9033,178,192.78
27000,29,49.13
4794,29,42.28
24223,49,53.77
7779,8,14.01
10569,0,0.01
9434,37,33.57
7033,365,307.23
22898,134,122.73
23165,4,42.83
13848,72,71.71
9197,825,918.81
5377,167,200.58
27247,117,129.58
5282,222,223.13
15662,0,0.01
8317,136,153.76
25101,2,1.33
12341,33,28.13
25282,0,1.09
11263,154,147.54
27462,148,147.67
23661,121,120.11
9642,674,775.73
8979,159,193.17
23255,2,7.52
22160,42,34.89
10980,23,17.48
12648,30,34.96
19519,7,7.98
4191,945,1018.34
16564,676,628.98
7445,59,67.86
27475,99,116.69
14315,0,0.01
3784,221,206.16
19461,8,7.44
10880,3,5.07
13814,1275,1064.6
15516,18,14.49
25179,18,20.39
18054,3,2.71
22492,66,57.84
24397,268,271.43
24112,100,78.25
2909,0,0.26
7600,57,70.91
26232,1361,1244.5
3416,41,52.02
20586,188,155.92
26919,7,6.62
25489,24,26.06
7348,108,81.97
16765,1347,1250.53
23026,4,4.04
19463,0,0.92
25906,95,66.76
8557,9,4.12
1788,173,193.31
25278,5,7.14
25148,7,8.13
1350,0,0.44
12293,27,26.92
6698,404,394.38
14234,7,5.57
6070,0,0.75
9195,1069,1047.92
11358,150,138.0
2361,0,0.2
1402,0,0.0
9785,518,485.58
17215,63,50.08
22828,23,19.88
16431,378,447.91
12139,14,18.03
20531,5,3.43
7671,83,91.1
15340,5,4.7
4982,146,187.94
24199,119,146.95
9760,903,895.84
19847,0,0.05
19650,7,8.87
9322,22,21.94
12023,0,0.33
8829,23,25.1
16893,1,0.85
21840,185,185.12
18182,27,37.29
14304,6,6.81
1809,49,46.08
17704,80,90.38
14464,11,7.3
7085,161,138.25
18497,14,13.72
2442,0,0.28
11747,0,1.36
6463,45,52.63
8687,0,0.34
14886,23,21.09
655,163,166.82
23306,338,394.11
18067,3,3.23
7364,20,18.22
322,0,0.1
7578,59,54.17
5516,45,61.56
4843,41,42.54
11807,0,1.13
25568,14,16.31
20365,3123,2526.75
19704,20,22.96
21686,97,77.75
369,0,0.13
27356,48,42.4
14483,2,2.1
10990,2,0.7
26733,578,594.81
6237,6,10.33
5572,224,286.33
1131,10,6.57
2265,0,3.13
373,0,0.08
4528,177,141.53
7713,12,9.16
23771,0,1.33
20610,175,142.89
10016,10,13.21
19064,75,66.27
2075,3,2.06
8373,12,16.41
9279,827,826.81
2916,6,2.96
4950,146,153.52
1418,282,322.7
9779,6,8.47
11627,0,0.37
19133,251,314.18
26526,1568,1483.79
26924,7,9.53
5155,192,218.99
14431,21,17.61
22627,21,27.7
20351,16,16.91
5511,273,322.09
20448,1021,978.84
8735,1,0.93
14402,174,144.31
24039,9,12.33
16092,33,32.28
22597,136,141.8
26939,0,1.34
1554,98,107.91
26851,1231,1195.18
14766,41,43.25
18078,8,4.63
24465,21,23.79
10194,12,11.44
12250,0,2.79
11253,1,1.45
13677,130,120.02
3070,0,0.28
11769,0,0.0
25862,4994,4604.64
19521,3,7.09
5098,17,19.24
16938,192,201.6
10444,0,0.0
776,116,116.23
9391,9,8.77
10709,18,24.41
7946,123,182.14
8714,215,201.63
19659,41,40.62
9928,15,48.28
23632,924,747.88
22289,21,17.27
20403,229,357.58
4397,723,736.63
7819,5,5.21
30,5,21.53
24949,706,632.0
23400,488,434.1
14305,2,1.91
10428,0,0.0
20693,66,60.65
2174,5,3.59
18496,23,32.54
2984,0,0.15
2207,0,0.96
547,0,0.04
14214,0,0.04
16550,931,851.66
945,25,35.14
24628,109,92.41
10309,1,0.01
13604,685,795.25
10448,0,0.39
23787,2,10.95
27311,10,8.31
3352,234,250.12
12266,68,80.29
1680,765,723.77
23659,303,255.68
1557,59,77.22
16341,0,1.44
12378,36,29.07
17936,18,18.26
2698,0,0.09
4199,32,69.76
12214,3,3.02
15130,3,2.2
5436,70,53.19
20108,381,408.99
3732,196,184.88
11408,33,31.32
1719,366,427.66
5068,384,433.46
18069,2,1.48
24694,47,169.54
7204,85,101.38
24811,248,313.41
3113,0,0.0
8622,3,2.67
16461,5,8.29
15171,12,15.71
19818,10,10.12
27215,0,3.83
9140,362,325.97
23790,2,5.36
16423,51,65.99
21710,96,93.72
14180,0,0.88
20965,6011,5155.0
21072,1,1.49
16613,260,253.36
3296,54,64.24
18776,93,90.93
5508,98,100.66
21965,0,0.02
17049,42,25.06
20948,986,977.7
563,0,0.0
26849,3857,3763.35
19639,5,4.86
5754,97,87.16
1873,314,339.97
13524,7983,6643.61
23582,1015,1271.87
8882,203,207.03
26963,3,2.34
15403,8,5.28
23820,14,11.28
17203,46,46.9
17460,92,85.08
25191,3,6.0
349,0,0.01
1687,97,117.55
10978,1,0.67
15244,12,8.92
688,58,43.37
20672,29,32.87
21093,0,0.0
8513,2,5.05
17623,18,16.33
24449,92,90.63
13377,474,524.02
24135,129,159.91
17592,107,88.37
16876,15,7.35
22932,60,41.4
2766,1,3.16
15113,38,36.45
7841,140,113.02
6682,5,1.81
1527,648,583.24
11274,202,153.58
11405,214,200.85
2703,2,3.16
27292,236,242.21
24798,283,358.35
5610,29,42.76
22754,192,178.24
13457,3100,2904.58
26816,776,783.35
13133,0,0.36
12131,0,1.29
5561,127,130.16
20184,282,241.53
10312,0,0.01
16501,255,310.55
20871,8085,8510.75
26607,7679,7947.42
4424,58,78.01
9144,1207,1237.9
22657,27,35.96
23033,16,70.34
21096,7,2.86
15353,3,4.23
26884,4359,4013.38
8403,66,75.7
4189,601,588.08
19227,145,162.66
6700,45,45.17
3739,67,69.69
24127,58,69.59
13619,7,11.03
18128,2,2.33
14517,11,13.03
6173,28,15.68
7107,165,195.41
17491,11,5.52
14509,154,137.31
11067,9,18.57
27166,1,1.98
2710,0,0.0
22990,1,40.07
26002,36,33.9
2684,0,0.0
1393,2,1.44
18727,61,81.78
12085,112,95.11
2534,1,1.09
9405,2,3.87
11925,0,0.05
8518,0,0.83
26868,3106,2996.17
15894,2,1.76
22941,1,0.0
907,102,119.7
7090,7,5.18
20552,45,41.89
5711,10,42.46
9136,513,488.82
3617,86,74.05
16624,885,914.71
18439,6,9.32
14149,6,3.56
26459,1,5.17
9987,68,143.94
21599,0,0.06
5647,40,41.35
17318,79,75.34
26931,33,27.69
2727,3,2.79
8873,104,100.77
25589,11,21.73
18602,73,50.14
4564,106,114.47
19085,276,313.56
8932,89,73.34
23685,100,121.32
2412,1,1.37
23100,11,6.56
20139,150,132.5
22610,26,34.99
3274,12,12.13
2425,1,1.01
11960,8,13.07
25130,19,16.45
25965,139,144.06
24445,271,235.99
7326,80,103.05
23465,277,254.42
26913,8,16.94
11504,22,29.24
26544,2532,2303.28
21013,7898,10153.16
19754,111,93.21
2873,0,0.46
18806,441,497.87
3315,79,91.08
8769,22,23.1
606,186,191.28
17256,129,115.59
10577,0,0.0
19787,1,2.02
12562,3,1.31
17378,93,76.57
856,571,568.77
1926,131,118.14
20887,2668,2344.21
24710,44,51.18
24508,79,71.15
18299,0,0.99
24137,151,150.05
20394,196,171.8
14224,6,14.62
20362,22,23.54
44,0,0.51
2812,1,1.43
23855,0,0.22
23251,180,298.43
23288,90,91.19
15767,0,0.12
25421,16,18.68
14911,24,19.87
15040,100,96.62
24651,80,89.91
11124,63,51.95
10643,0,0.37
585,0,0.0
18084,20,17.04
24434,354,336.15
24321,40,35.48
24666,254,266.46
200,0,10.98
4563,242,288.04
24599,0,0.62
2051,0,1.75
8618,10,8.75
10240,20,34.21
11766,2,0.55
25759,656,736.39
4825,244,222.64
3533,82,86.68
5345,35,35.36
18206,22,28.46
2264,0,3.69
1232,1,0.37
15044,19,21.75
18044,17,10.17
16024,3,1.33
13164,1,6.14
8390,73,105.18
3926,4,3.33
2536,0,0.31
17083,49,66.73
13286,3676,3800.92
16278,5,9.27
16498,41,48.27
5259,170,217.7
4977,37,49.82
25614,26,18.57
21401,0,0.0
9532,10,5.39
21088,0,0.43
6777,12,24.03
5549,130,133.18
1065,1,0.12
24929,56,52.15
13855,140,135.69
17121,29,26.17
18992,80,75.89
21892,0,0.05
25112,4,3.85
833,161,131.65
15948,9,3.58
19264,79,60.89
6392,17,15.36
11567,0,0.65
25054,3,2.81
20630,154,151.32
3073,5,1.76
13202,6,6.39
12542,84,85.41
14004,2,0.84
25340,82,107.0
21048,1,0.66
18500,4,3.4
4724,23,22.39
11868,5,6.35
14657,35,30.92
69,1,1.55
16143,28,40.82
1739,6,11.12
6165,4,3.39
22635,0,0.68
12074,126,112.73
20406,152,264.93
14618,141,128.91
227,0,0.67
12491,1,1.12
10091,0,1.4
1864,98,93.16
20263,490,906.65
12282,20,22.91
9672,1254,1218.38
1812,183,181.1
383,0,0.05
12081,3,3.17
729,52,66.93
313,0,0.01
15974,3,1.5
24927,488,695.54
20709,628,706.75
19631,0,0.74
20179,683,541.36
3059,0,0.14
15039,172,137.78
9240,1272,1267.2
5252,3,11.96
4044,5,3.33
13624,91,79.64
10862,132,110.74
14058,0,4.34
6725,117,116.17
23045,27,27.27
22453,73,74.37
19202,53,48.21
2897,0,0.53
9406,1,0.25
6128,2,1.81
725,59,43.57
4618,9,7.44
11764,4,4.11
13884,78,61.82
17767,18,15.37
10784,6,12.05
5466,74,81.14
23280,404,320.66
27081,14,14.73
15122,53,61.99
24378,108,100.4
5732,17,31.77
16255,8,8.1
8482,1,1.78
14920,134,125.93
16262,2,3.09
19090,17,14.37
8485,50,58.34
8574,1,0.26
11409,23,19.4
7534,0,0.53
6187,6,4.05
11180,4,2.71
25486,4,8.52
16953,52,50.05
5474,310,298.39
26331,568,592.4
22047,0,0.01
22208,19,15.29
2815,0,0.0
14275,2,10.67
19628,3,4.85
2782,0,0.62
6024,41,37.91
13082,0,0.04
2512,0,0.09
10280,12,16.61
22747,54,41.74
20825,1490,993.78
5128,359,345.92
26273,152,153.97
7298,485,467.62
54,7,4.27
16588,755,793.1
24317,42,39.95
3463,113,120.67
12644,13,17.1
13316,637,725.39
2847,0,0.32
12843,459,504.7
13424,1027,909.12
4032,1,0.46
9758,3088,3035.94
24384,119,112.09
18941,259,267.15
22586,126,133.78
2859,1,3.56
19193,77,80.34
898,33,34.11
5407,85,86.09
1722,93,97.18
16249,12,12.25
7256,16,16.04
11782,0,0.0
8132,1,1.46
11402,939,934.91
3737,247,221.95
23361,70,67.6
16720,533,531.56
15637,0,0.31
22203,26,24.24
14076,1,0.0
19230,47,45.94
19409,89,95.6
25395,54,54.53
22936,20,22.67
22875,42,36.86
17938,1,2.49
13542,2879,2765.02
21895,0,1.05
18750,34,29.83
5953,32,31.33
23981,14,7.89
8256,227,221.84
24268,84,98.5
6909,0,0.21
15220,6,4.92
19032,1865,2171.11
13523,18,19.39
19433,84,99.21
25245,2,0.63
25915,649,705.0
2095,95,99.06
20279,25,25.67
17846,91,75.32
17092,209,212.29
9579,20,19.13
2245,2,3.03
3938,4,2.89
1153,18,12.93
7808,23,16.19
1084,5,5.63
9125,898,919.61
20486,616,585.33
19022,246,216.58
17242,4,3.49
13244,817,367.83
4489,1693,1400.81
23498,972,951.26
10675,8,7.5
15654,0,0.46
5076,1317,1247.2
6355,75,61.95
9693,157,170.47
5671,48,53.2
4305,281,356.0
20518,23,25.89
1880,54,54.62
17808,37,38.04
21465,0,1.76
10777,39,106.73
3921,0,0.11
2998,0,0.36
2707,1,0.64
9838,11,13.8
8761,53,48.97
25115,0,0.96
4966,27,25.12
17271,60,74.53
4547,5,3.79
23568,587,514.65
16883,0,0.64
10228,15,30.14
8324,22,39.28
3302,82,92.46
14971,97,104.73
26980,33,52.58
24036,27,23.0
3974,2,3.84
11836,4,5.33
1328,0,0.07
23970,10,8.23
19308,96,99.92
1318,0,1.43
1775,6,9.5
11626,0,0.02
7690,4,7.76
9214,26,19.84
24382,3,2.04
19575,68,62.62
9629,1400,1157.29
3877,4,0.96
21112,0,0.0
2001,32,37.78
6899,0,0.6
311,0,0.02
12348,29,37.58
57,1,0.53
1631,4,7.14
13719,717,729.83
18612,6,8.78
1534,3,5.6
6328,90,74.68
10185,4,8.04
26390,215,216.47
13360,1692,2579.8
26835,4862,5041.82
1280,0,0.14
25000,13,23.05
25290,9,6.12
6650,495,405.6
8072,14,9.98
20739,7958,8842.79
25632,77,83.92
7152,142,141.64
9931,18,35.02
4286,1902,1808.03
884,150,167.52
6902,3,2.27
7095,77,62.12
11307,202,201.72
26020,843,685.3
4418,2737,2613.91
25460,16,13.6
4226,1183,1122.62
1862,405,394.0
4836,113,115.15
6646,4,4.36
11448,252,215.65
26239,347,339.93
2838,0,0.32
735,213,387.33
20694,129,141.04
23907,1,1.03
20444,61,78.15
27243,20,17.75
23223,497,1356.76
20967,4892,4904.32
7427,0,0.58
8544,2,0.65
17171,4,1.79
11333,303,249.12
5013,42,47.17
13985,0,0.22
2645,0,0.36
23493,30,38.15
8394,17,15.45
24793,983,1013.3
3248,59,66.9
7978,7,7.76
2736,4,0.45
4388,333,351.34
20202,640,571.9
15135,121,99.76
14570,39,33.41
9315,688,766.13
27045,9,12.98
1188,6,2.94
7317,11,15.48
22882,0,0.0
15813,0,0.31
15105,11,16.86
7131,173,194.45
14983,121,104.12
8149,89,101.0
4847,1,1.89
3930,0,0.37
11393,248,220.46
14952,557,592.12
17314,2,4.13
14804,8,9.96
11557,5,4.81
20220,674,384.63
11812,3,2.78
22470,15,16.48
13627,139,155.61
12606,7,9.69
23072,12,23.05
15119,1,2.19
14299,0,1.21
21597,0,2.08
18406,4,3.17
15683,0,0.09
7747,24,34.23
25504,4,1.82
26058,465,458.25
24678,229,268.53
20596,67,66.48
22526,116,133.56
1356,2,1.77
18724,225,200.29
23881,11,11.94
4973,339,327.92
2252,1,2.95
25339,60,96.34
2789,2,2.91
3953,1,0.15
23084,2,5.49
2085,14,15.13
6711,149,160.03
18871,57,77.06
19486,1,2.23
9644,384,378.44
6741,17,27.05
12953,289,290.76
20938,148,167.06
10385,0,0.06
26692,3326,3589.09
21302,1,2.98
8504,2,4.09
8480,2,5.46
18447,19,26.39
19495,9,7.26
24170,326,334.92
11762,3,6.44
9753,124,134.88
2704,1,0.59
8786,167,162.22
22751,2,2.64
3433,444,369.98
24654,111,100.94
12784,199,219.64
9970,0,0.35
6964,1,0.63
10339,0,0.02
408,0,0.03
15174,3,10.6
21816,211,182.21
8451,23,28.13
19709,13,5.89
10657,45,46.6
6562,2,0.69
22723,13,9.52
16318,0,0.27
22944,57,41.36
12642,24,24.03
15391,1,0.45
12832,240,334.19
20828,1041,955.06
12821,194,182.84
16174,0,0.59
24066,102,94.73
14411,5,3.05
19865,0,0.93
4099,0,0.32
17383,23,21.8
21296,0,0.01
19191,80,86.06
13657,599,721.04
12902,899,1069.12
8517,0,1.4
1276,2,0.03
9183,1075,1061.56
25683,8,10.02
16744,565,727.38
7567,23,29.05
6422,214,226.77
5019,457,485.39
21970,0,0.0
8030,128,121.46
17917,135,137.24
14612,24,28.69
9309,124,116.76
16185,1,1.4
15453,0,0.02
18788,39,120.21
3794,1,0.82
24546,64,69.49
2332,1,2.16
1261,2,0.36
26127,3,12.22
24961,137,150.45
26956,27,32.72
27489,60,55.97
21748,172,155.59
14750,140,185.1
23307,490,555.24
668,77,100.4
16411,61,61.75
13483,1140,991.39
12947,2,4.51
11044,16,24.06
16786,0,1.7
812,196,188.58
10898,55,81.89
13197,0,0.79
5871,481,478.96
22564,66,57.99
2101,298,287.14
22830,47,40.59
22720,30,43.54
3211,164,162.78
20816,902,1025.45
10468,1,0.67
25973,333,324.79
17639,0,0.61
6624,240,225.28
1247,0,0.94
14095,0,5.27
18898,44,37.82
16772,88,90.43
3387,340,296.69
4069,9,4.67
10277,20,14.85
16903,136,179.91
15440,2,2.23
6011,0,0.32
14073,0,0.47
457,0,0.0
25762,69,55.73
17855,1,3.26
3532,151,131.85
8214,26,20.34
26657,2594,2697.86
21883,0,0.13
16416,70,56.74
2334,4,8.82
14111,0,0.0
15243,9,8.13
14770,3,2.54
23990,12,12.48
26927,1,2.3
26454,232,250.77
5472,63,73.3
6091,2,3.43
23042,99,73.48
8826,75,71.93
5910,73,90.83
23016,5,4.0
16342,0,0.5
18451,6,8.6
1012,18,10.27
24646,2,0.88
14613,9,13.65
16217,1,1.58
8393,21,34.69
13661,91,79.4
14938,5,3.31
17219,1,1.96
20484,1082,979.26
21509,0,0.03
20087,16,20.05
12010,0,0.2
18328,11,25.52
7178,307,313.45
24914,511,492.63
24412,104,88.61
12531,23,14.15
21089,0,0.11
21692,31,33.34
12976,169,196.89
1944,149,168.24
10328,0,0.05
21704,21,32.71
2002,3,5.34
25286,48,47.55
21379,0,0.47
9515,1,10.21
18080,4,3.57
416,0,0.5
651,61,56.89
27444,457,361.18
6974,6,5.41
13625,405,499.22
14446,14,10.49
11495,1,2.38
8442,14,13.73
24332,43,37.24
701,135,134.13
19303,30,53.19
20933,1285,983.18
14084,0,0.0
9687,790,816.42
26194,4,6.03
26915,0,1.82
23715,573,599.76
22082,1,0.88
22702,2,1.86
8797,156,158.76
18976,646,684.77
23646,310,252.09
25607,4,3.9
10342,0,0.27
5937,37,38.04
12351,61,58.18
10001,31,31.62
20993,1000,657.78
22622,130,71.3
24642,88,92.57
21463,0,0.0
7698,3,10.57
2374,0,0.26
18595,13,10.96
23541,21,37.28
25823,20,13.3
12044,9,14.98
8178,26,23.19
5979,22,25.86
12758,957,902.17
4245,291,280.72
3910,0,1.54
3705,37,34.61
1224,9,8.02
11654,7,8.02
638,462,409.48
4704,181,173.04
8999,6,9.32
18340,16,32.5
13725,124,160.15
20340,1191,733.02
2687,0,0.0
22531,44,55.3
19460,21,25.51
5130,188,221.59
9960,44,50.21
22445,34,29.7
11644,2,2.24
4821,7,20.5
21319,0,0.02
22618,1,0.7
3984,3,0.56
4265,52,61.82
25246,0,0.95
3381,39,27.47
5731,57,95.42
6275,2,1.87
22621,269,235.44
3634,3,2.08
23110,9,3.1
22609,119,96.81
3522,192,167.82
24295,94,115.2
20287,1500,1436.73
9194,1817,1910.66
19116,1606,1542.58
2616,7,5.39
13060,1,0.25
3287,4,3.64
2638,0,0.61
25180,29,24.04
18318,4,5.35
2323,6,5.98
12151,16,20.31
4692,162,174.45
24271,103,133.15
11840,0,0.98
18150,6,7.46
1891,151,133.42
10030,2,3.37
26945,21,19.19
15459,6,5.23
3422,493,378.17
16997,115,103.89
11968,36,159.66
2879,0,0.3
20663,5,4.88
25200,4,5.1
13225,11,16.18
21237,0,0.15
3277,91,77.95
18001,148,151.19
11809,10,10.01
26307,571,606.24
21547,0,0.01
5421,34,30.45
12228,166,179.77
